order_id,customer_id,order_date
1,266,06-01-2024
2,319,13-02-2025
3,256,02-10-2024
4,227,17-02-2025
5,27,28-07-2023
6,137,16-07-2024
7,68,22-10-2023
8,225,16-12-2024
9,249,05-05-2023
10,15,07-10-2024
11,312,29-03-2025
12,123,27-12-2024
13,82,15-11-2023
14,283,15-01-2023
15,283,22-02-2024
16,48,19-08-2023
17,431,27-04-2023
18,237,01-05-2023
19,332,02-05-2025
20,79,25-05-2024
21,478,03-01-2025
22,150,05-06-2024
23,362,07-10-2023
24,213,04-05-2025
25,248,28-04-2024
26,125,12-04-2024
27,283,29-05-2023
28,197,15-07-2023
29,472,05-09-2024
30,261,03-02-2025
31,451,20-05-2023
32,443,13-03-2023
33,142,02-03-2025
34,405,24-05-2025
35,213,15-12-2023
36,479,17-03-2025
37,260,01-10-2023
38,421,03-01-2023
39,145,13-01-2025
40,153,07-05-2025
41,301,16-08-2024
42,338,16-05-2024
43,444,02-06-2023
44,229,05-07-2024
45,248,20-12-2023
46,171,19-07-2024
47,391,10-07-2024
48,194,11-04-2024
49,478,26-11-2023
50,446,13-07-2023
51,358,02-09-2023
52,293,28-01-2024
53,120,26-05-2025
54,398,25-02-2024
55,23,22-11-2023
56,382,29-04-2024
57,362,10-04-2025
58,196,31-01-2024
59,340,22-03-2025
60,421,29-10-2024
61,78,22-05-2024
62,494,07-02-2023
63,65,29-05-2024
64,495,27-08-2024
65,170,09-06-2025
66,52,14-06-2025
67,433,26-03-2024
68,52,22-06-2024
69,467,12-04-2024
70,8,09-01-2025
71,74,24-02-2024
72,446,01-11-2024
73,497,08-06-2023
74,39,25-04-2024
75,401,29-09-2023
76,174,30-09-2024
77,355,12-02-2024
78,333,24-03-2023
79,437,03-12-2023
80,437,21-11-2024
81,440,30-06-2024
82,195,21-11-2023
83,321,05-01-2025
84,455,16-02-2025
85,250,12-06-2025
86,278,06-02-2023
87,317,12-03-2023
88,121,08-10-2024
89,351,22-10-2023
90,117,03-02-2025
91,47,20-03-2024
92,51,17-02-2025
93,325,21-12-2024
94,447,13-04-2023
95,228,20-06-2023
96,356,03-11-2023
97,463,30-01-2023
98,24,29-11-2023
99,408,27-02-2023
100,151,03-01-2024
101,192,17-03-2024
102,75,08-09-2023
103,272,26-02-2024
104,290,29-11-2024
105,406,04-07-2023
106,88,29-06-2023
107,41,16-09-2024
108,446,27-01-2024
109,318,30-11-2024
110,124,24-05-2024
111,468,20-08-2024
112,74,26-08-2023
113,237,15-10-2024
114,131,15-04-2024
115,131,13-11-2024
116,5,03-04-2025
117,239,22-10-2023
118,347,13-07-2024
119,81,17-03-2023
120,227,20-12-2023
121,301,03-11-2023
122,328,10-03-2024
123,354,14-09-2023
124,234,15-05-2025
125,155,23-07-2023
126,197,23-05-2025
127,248,20-04-2023
128,122,26-01-2024
129,293,03-01-2024
130,295,30-10-2023
131,359,30-10-2023
132,12,29-04-2025
133,338,10-02-2024
134,141,09-01-2023
135,290,04-06-2025
136,352,07-03-2025
137,382,20-02-2023
138,467,12-09-2024
139,382,23-05-2024
140,427,21-10-2023
141,398,29-03-2025
142,118,13-09-2024
143,411,27-12-2023
144,113,13-10-2024
145,98,27-09-2024
146,129,25-11-2024
147,387,08-01-2025
148,393,06-11-2024
149,349,08-05-2025
150,71,05-10-2024
151,50,04-10-2024
152,331,10-02-2023
153,159,18-03-2025
154,226,04-02-2023
155,297,09-01-2024
156,375,15-05-2023
157,47,30-10-2023
158,168,04-02-2025
159,213,29-06-2023
160,103,16-05-2023
161,403,06-07-2024
162,449,10-01-2024
163,272,28-05-2024
164,468,07-10-2023
165,426,18-06-2023
166,132,24-04-2025
167,484,08-05-2024
168,496,05-04-2025
169,152,03-02-2025
170,446,13-12-2023
171,412,28-04-2023
172,240,19-03-2023
173,73,11-02-2025
174,495,20-08-2023
175,441,23-11-2024
176,371,21-11-2024
177,204,16-05-2025
178,412,24-07-2024
179,188,03-04-2023
180,405,09-02-2024
181,8,28-09-2023
182,275,07-05-2023
183,233,13-01-2024
184,345,05-02-2025
185,345,26-09-2023
186,300,26-01-2024
187,422,15-10-2024
188,482,16-01-2024
189,56,22-11-2024
190,120,27-04-2024
191,13,26-09-2024
192,453,28-07-2024
193,168,16-09-2024
194,114,25-10-2024
195,33,12-10-2024
196,422,20-04-2024
197,466,18-12-2024
198,155,26-10-2024
199,210,30-04-2023
200,72,16-02-2023
201,485,08-02-2023
202,156,19-05-2024
203,60,10-04-2023
204,121,04-07-2024
205,70,02-02-2024
206,233,15-01-2024
207,344,30-01-2025
208,357,07-07-2024
209,215,24-08-2024
210,381,14-01-2025
211,80,29-02-2024
212,336,12-04-2023
213,427,16-05-2024
214,316,22-02-2024
215,481,14-10-2023
216,17,07-12-2024
217,190,11-08-2023
218,228,31-03-2024
219,487,30-08-2023
220,438,07-01-2024
221,51,03-12-2024
222,189,11-07-2024
223,462,22-10-2024
224,184,04-03-2023
225,204,10-10-2023
226,98,06-05-2023
227,486,18-05-2025
228,422,10-04-2024
229,47,09-11-2024
230,109,19-10-2024
231,328,03-09-2024
232,498,22-01-2023
233,26,16-03-2025
234,171,07-09-2023
235,65,16-03-2025
236,290,30-07-2023
237,36,29-04-2025
238,392,21-07-2024
239,107,23-08-2024
240,111,12-04-2025
241,446,27-08-2023
242,169,03-03-2025
243,76,18-03-2025
244,462,02-09-2024
245,2,11-10-2023
246,440,29-05-2023
247,67,07-07-2024
248,129,28-03-2025
249,90,23-04-2023
250,339,06-06-2025
251,14,15-05-2023
252,8,02-01-2024
253,405,18-03-2025
254,122,25-08-2024
255,166,17-01-2023
256,90,29-09-2023
257,27,10-05-2023
258,380,07-03-2024
259,270,27-04-2023
260,382,07-03-2023
261,244,04-04-2024
262,399,06-01-2024
263,263,30-08-2024
264,56,07-04-2024
265,258,15-08-2023
266,485,21-09-2024
267,23,14-01-2025
268,402,06-06-2025
269,338,17-06-2024
270,155,14-04-2024
271,330,01-02-2023
272,32,05-05-2024
273,434,16-02-2024
274,219,03-12-2024
275,56,17-05-2024
276,365,30-03-2024
277,38,24-03-2023
278,165,14-09-2024
279,76,09-03-2023
280,65,09-10-2023
281,320,10-10-2024
282,300,15-07-2024
283,365,29-11-2023
284,196,03-09-2024
285,272,29-10-2023
286,233,01-06-2024
287,310,16-03-2024
288,51,23-03-2025
289,360,28-04-2023
290,437,01-11-2024
291,334,17-06-2025
292,394,18-07-2024
293,370,05-06-2025
294,111,16-03-2024
295,232,22-08-2023
296,212,14-12-2023
297,424,09-04-2024
298,205,01-03-2024
299,374,08-04-2023
300,161,13-03-2024
301,161,12-11-2024
302,131,19-01-2024
303,489,06-06-2023
304,352,30-04-2024
305,35,04-04-2023
306,426,29-03-2023
307,48,18-03-2024
308,50,01-02-2025
309,379,17-01-2024
310,416,14-05-2023
311,285,03-03-2023
312,301,29-07-2024
313,288,04-12-2023
314,344,06-05-2023
315,211,29-12-2023
316,448,12-11-2024
317,482,07-02-2025
318,217,07-06-2025
319,469,08-01-2025
320,27,22-10-2023
321,308,16-11-2023
322,181,17-04-2023
323,296,03-06-2024
324,109,08-06-2023
325,337,08-05-2024
326,115,17-05-2025
327,56,25-12-2023
328,433,23-07-2024
329,189,28-04-2023
330,391,13-10-2023
331,294,20-08-2023
332,414,15-03-2024
333,433,28-07-2024
334,499,24-02-2025
335,420,28-09-2024
336,315,22-11-2024
337,330,24-07-2024
338,14,15-09-2024
339,476,04-11-2024
340,425,11-12-2024
341,137,30-01-2023
342,93,07-10-2023
343,360,19-02-2025
344,159,14-12-2023
345,180,07-01-2023
346,93,09-06-2025
347,74,02-08-2024
348,337,15-02-2024
349,36,26-05-2023
350,380,10-10-2024
351,498,01-02-2023
352,47,03-02-2025
353,272,09-08-2023
354,193,05-03-2024
355,233,16-12-2023
356,81,14-01-2024
357,160,08-01-2025
358,167,06-03-2025
359,483,04-08-2024
360,306,28-03-2023
361,453,23-02-2023
362,80,11-06-2023
363,387,24-09-2024
364,26,21-11-2024
365,42,06-10-2023
366,227,08-11-2024
367,218,12-05-2024
368,311,28-03-2024
369,213,07-10-2023
370,111,12-02-2025
371,263,27-04-2023
372,177,16-03-2024
373,57,18-10-2023
374,348,25-11-2024
375,304,13-05-2024
376,270,14-11-2024
377,158,16-02-2023
378,113,09-02-2024
379,307,26-02-2023
380,4,29-07-2023
381,155,05-08-2023
382,393,21-05-2023
383,392,19-09-2023
384,149,02-12-2023
385,62,08-01-2023
386,255,03-02-2025
387,221,29-06-2023
388,67,25-01-2024
389,273,21-12-2024
390,118,27-05-2024
391,287,03-05-2025
392,343,05-04-2025
393,182,15-03-2023
394,204,01-06-2025
395,380,13-02-2023
396,224,20-01-2023
397,236,21-03-2023
398,442,17-11-2023
399,295,15-03-2024
400,294,19-02-2024
401,364,17-10-2024
402,214,24-10-2023
403,59,19-02-2024
404,11,29-11-2023
405,88,31-03-2025
406,486,24-09-2024
407,236,01-05-2025
408,354,06-01-2024
409,46,23-03-2024
410,433,19-04-2023
411,125,22-03-2024
412,302,15-02-2024
413,269,22-03-2023
414,203,10-06-2025
415,159,02-02-2025
416,174,15-08-2023
417,171,08-03-2025
418,87,20-03-2023
419,262,10-10-2024
420,59,27-06-2024
421,262,18-07-2023
422,464,05-03-2025
423,179,26-12-2023
424,373,18-04-2025
425,331,14-04-2025
426,76,30-08-2023
427,53,30-05-2023
428,132,22-07-2023
429,89,08-09-2024
430,79,17-02-2025
431,389,02-11-2024
432,39,01-07-2023
433,488,02-03-2025
434,322,20-05-2024
435,238,11-02-2025
436,289,17-02-2025
437,297,04-04-2024
438,349,01-08-2024
439,330,12-10-2024
440,320,27-11-2023
441,443,04-10-2024
442,162,04-06-2023
443,226,11-03-2023
444,241,28-03-2024
445,324,07-11-2023
446,408,09-10-2023
447,303,27-02-2023
448,181,03-06-2024
449,38,14-11-2023
450,237,07-04-2024
451,20,28-02-2023
452,189,01-05-2025
453,147,20-03-2023
454,331,03-06-2025
455,438,03-04-2023
456,315,31-08-2024
457,260,29-01-2024
458,237,17-08-2024
459,284,21-03-2025
460,379,12-02-2023
461,231,09-04-2025
462,293,29-10-2024
463,97,26-11-2023
464,310,02-05-2024
465,257,04-06-2023
466,491,05-03-2023
467,231,16-04-2023
468,416,07-05-2025
469,176,01-01-2025
470,44,31-05-2024
471,331,26-06-2023
472,21,11-09-2023
473,363,24-03-2024
474,225,20-06-2024
475,268,16-09-2024
476,82,08-01-2024
477,191,17-10-2023
478,199,23-02-2024
479,397,13-12-2023
480,348,04-09-2024
481,27,19-03-2025
482,324,24-10-2024
483,172,09-03-2023
484,169,07-04-2023
485,286,25-11-2024
486,198,18-10-2023
487,130,11-01-2025
488,437,03-11-2024
489,494,09-09-2024
490,448,03-06-2023
491,171,25-03-2023
492,299,10-11-2024
493,73,25-12-2023
494,159,02-11-2024
495,358,09-11-2024
496,201,13-05-2023
497,305,26-12-2024
498,481,28-03-2023
499,159,26-07-2024
500,193,20-10-2024
501,406,03-12-2023
502,417,11-05-2023
503,344,20-12-2024
504,425,26-01-2025
505,351,23-06-2024
506,48,23-10-2024
507,344,09-03-2024
508,261,06-01-2024
509,10,07-01-2024
510,159,04-07-2023
511,487,08-08-2023
512,175,23-02-2025
513,249,16-07-2023
514,116,21-05-2023
515,80,21-03-2023
516,152,14-05-2025
517,404,14-04-2023
518,260,28-02-2025
519,277,05-05-2025
520,379,23-06-2024
521,20,08-11-2024
522,173,16-06-2025
523,393,24-09-2024
524,68,03-09-2024
525,193,07-06-2023
526,84,05-07-2023
527,426,10-12-2024
528,395,01-10-2024
529,415,19-06-2023
530,370,24-03-2024
531,23,25-02-2024
532,187,23-11-2024
533,369,01-09-2023
534,497,30-03-2024
535,313,19-10-2023
536,386,05-02-2025
537,402,04-04-2024
538,120,30-06-2024
539,123,13-11-2023
540,495,08-04-2025
541,402,25-04-2024
542,463,05-05-2025
543,100,12-01-2024
544,348,07-08-2024
545,226,17-04-2024
546,394,16-10-2023
547,399,27-01-2024
548,258,24-06-2024
549,215,15-06-2023
550,419,24-07-2023
551,411,11-09-2024
552,71,12-06-2025
553,129,23-02-2023
554,329,07-05-2024
555,448,16-01-2024
556,284,16-04-2023
557,365,16-05-2025
558,265,21-05-2025
559,64,19-10-2023
560,43,20-02-2025
561,83,07-10-2023
562,231,09-06-2024
563,76,30-04-2025
564,224,04-04-2023
565,485,16-08-2023
566,419,06-04-2024
567,453,24-12-2023
568,477,28-01-2023
569,213,24-02-2023
570,203,29-05-2024
571,192,30-08-2023
572,198,25-03-2023
573,192,18-08-2023
574,15,23-11-2023
575,477,12-04-2023
576,430,01-01-2025
577,333,10-12-2023
578,406,30-05-2023
579,71,09-02-2023
580,147,29-04-2025
581,242,13-12-2024
582,426,23-05-2023
583,389,23-12-2024
584,241,04-04-2024
585,316,06-01-2023
586,464,23-03-2023
587,10,20-09-2023
588,111,05-05-2025
589,77,15-07-2024
590,482,14-01-2025
591,312,24-06-2024
592,217,24-04-2023
593,398,23-10-2023
594,122,05-11-2023
595,63,18-02-2023
596,123,05-03-2024
597,328,23-03-2025
598,319,13-04-2024
599,33,24-04-2023
600,429,26-05-2024
601,306,02-07-2024
602,9,09-10-2024
603,264,11-08-2024
604,124,05-01-2025
605,74,26-10-2023
606,220,02-01-2023
607,315,28-12-2023
608,124,07-08-2024
609,214,11-07-2023
610,341,15-11-2024
611,44,20-06-2024
612,500,05-01-2024
613,35,22-06-2024
614,279,03-06-2024
615,403,03-06-2024
616,284,21-01-2023
617,200,13-06-2025
618,241,14-02-2023
619,326,01-02-2024
620,192,17-09-2023
621,383,17-01-2023
622,183,18-03-2025
623,35,20-12-2023
624,124,20-01-2025
625,337,05-10-2024
626,54,01-03-2025
627,298,22-01-2025
628,388,07-12-2023
629,69,15-02-2023
630,181,13-07-2024
631,174,13-04-2025
632,330,29-06-2023
633,426,08-03-2025
634,351,20-04-2024
635,357,05-05-2024
636,324,06-07-2023
637,416,19-05-2023
638,33,03-01-2025
639,398,13-04-2024
640,19,28-10-2023
641,104,14-02-2023
642,406,24-07-2023
643,454,12-02-2023
644,162,14-11-2023
645,264,12-02-2024
646,418,10-07-2024
647,243,17-09-2023
648,19,10-02-2025
649,332,15-07-2023
650,147,01-01-2024
651,442,10-03-2025
652,25,05-06-2025
653,336,06-12-2023
654,140,08-05-2023
655,410,12-01-2024
656,224,14-02-2024
657,381,26-03-2024
658,459,31-01-2024
659,174,11-07-2023
660,255,09-12-2024
661,255,12-01-2024
662,474,27-03-2025
663,266,01-10-2023
664,411,26-03-2023
665,373,10-03-2024
666,41,16-03-2024
667,309,22-04-2025
668,93,12-07-2024
669,151,25-11-2023
670,53,23-03-2023
671,168,07-11-2024
672,152,10-11-2023
673,229,09-09-2024
674,368,12-03-2024
675,86,07-12-2024
676,228,26-12-2023
677,229,13-02-2023
678,373,09-06-2025
679,467,28-12-2023
680,315,21-03-2024
681,141,16-10-2024
682,406,28-02-2023
683,39,18-11-2024
684,327,20-02-2024
685,187,09-06-2024
686,411,06-02-2025
687,348,13-06-2023
688,488,01-02-2023
689,74,19-05-2025
690,312,25-11-2024
691,401,24-03-2024
692,18,10-05-2023
693,35,30-08-2023
694,399,22-10-2024
695,188,06-01-2024
696,197,03-08-2024
697,17,11-09-2024
698,79,26-11-2024
699,231,15-01-2024
700,191,30-03-2024
701,391,20-03-2023
702,294,21-05-2023
703,272,11-01-2024
704,204,18-11-2023
705,333,13-10-2023
706,128,27-04-2023
707,14,23-01-2025
708,96,26-05-2024
709,266,01-02-2024
710,468,29-07-2024
711,61,26-09-2023
712,397,24-09-2023
713,361,01-04-2024
714,110,18-09-2024
715,147,11-12-2024
716,470,17-05-2024
717,103,06-05-2023
718,70,23-05-2025
719,38,07-04-2024
720,89,31-12-2024
721,228,31-03-2023
722,415,29-11-2024
723,496,15-05-2025
724,164,14-11-2024
725,178,27-12-2024
726,34,17-07-2024
727,278,25-10-2023
728,457,04-11-2023
729,436,11-06-2023
730,365,27-12-2024
731,475,18-12-2024
732,327,28-06-2023
733,407,06-01-2024
734,261,18-08-2023
735,63,25-07-2023
736,406,23-05-2023
737,122,20-03-2025
738,253,27-01-2023
739,185,21-07-2024
740,294,13-01-2024
741,240,02-04-2025
742,283,13-05-2023
743,314,30-03-2023
744,34,13-11-2023
745,204,04-01-2025
746,369,05-05-2024
747,270,25-02-2024
748,394,24-02-2024
749,422,11-08-2024
750,38,09-05-2023
751,498,21-11-2023
752,329,17-03-2023
753,231,22-04-2024
754,349,13-06-2024
755,177,12-05-2023
756,450,28-04-2025
757,400,18-07-2024
758,328,24-08-2024
759,94,25-02-2025
760,495,13-05-2023
761,222,29-05-2024
762,467,08-06-2025
763,29,01-05-2025
764,64,14-06-2024
765,79,08-11-2023
766,85,15-06-2023
767,166,27-12-2024
768,116,21-12-2023
769,486,15-06-2024
770,459,18-10-2023
771,434,22-03-2023
772,129,21-07-2023
773,326,18-07-2024
774,141,09-05-2023
775,321,07-11-2023
776,315,30-06-2024
777,48,29-05-2024
778,329,22-06-2023
779,304,17-08-2024
780,79,25-06-2023
781,338,01-10-2024
782,369,11-09-2024
783,173,12-05-2025
784,474,31-07-2024
785,22,25-04-2025
786,443,30-01-2023
787,42,16-02-2023
788,486,18-10-2024
789,395,13-08-2024
790,136,28-10-2024
791,108,24-02-2025
792,293,02-03-2024
793,317,16-10-2024
794,16,24-05-2024
795,456,04-10-2024
796,280,24-10-2023
797,329,06-11-2023
798,248,08-09-2023
799,413,06-04-2025
800,351,20-02-2024
801,153,09-04-2024
802,38,06-12-2024
803,31,11-06-2023
804,226,01-03-2024
805,248,20-04-2024
806,105,15-12-2023
807,311,28-05-2023
808,161,01-06-2025
809,368,23-11-2023
810,376,31-05-2025
811,177,13-02-2024
812,67,17-02-2025
813,190,11-06-2024
814,288,19-04-2023
815,164,05-09-2023
816,239,06-05-2023
817,137,05-04-2024
818,127,25-05-2023
819,50,21-02-2023
820,149,29-01-2024
821,443,22-09-2024
822,215,12-09-2023
823,493,05-06-2025
824,462,13-06-2023
825,417,02-12-2023
826,479,14-08-2024
827,370,17-11-2023
828,98,20-02-2025
829,82,25-05-2024
830,264,23-04-2024
831,256,19-06-2025
832,158,24-05-2024
833,12,03-04-2023
834,484,07-02-2024
835,259,13-04-2024
836,495,04-09-2023
837,111,20-08-2024
838,181,19-02-2023
839,26,16-10-2023
840,254,03-09-2024
841,452,13-05-2025
842,335,19-11-2024
843,241,20-10-2023
844,275,09-01-2023
845,434,21-04-2023
846,221,18-05-2023
847,452,28-09-2023
848,373,10-01-2024
849,392,17-02-2024
850,188,16-02-2023
851,206,22-02-2023
852,292,29-07-2024
853,100,07-01-2024
854,284,23-10-2023
855,38,31-01-2024
856,259,06-04-2024
857,392,17-07-2024
858,144,25-04-2025
859,320,27-11-2024
860,313,02-05-2023
861,66,10-04-2023
862,202,18-01-2024
863,407,14-12-2023
864,286,10-01-2024
865,387,28-05-2023
866,102,08-09-2024
867,261,16-02-2024
868,257,11-02-2023
869,24,09-02-2023
870,71,31-12-2024
871,171,03-04-2025
872,243,15-06-2024
873,234,02-06-2023
874,311,11-06-2024
875,72,02-12-2023
876,477,19-09-2024
877,164,16-06-2023
878,202,23-09-2024
879,379,12-05-2025
880,154,30-08-2024
881,173,03-06-2024
882,425,05-06-2024
883,273,16-05-2024
884,363,30-07-2024
885,154,01-05-2024
886,418,18-01-2023
887,189,06-12-2023
888,345,23-04-2023
889,214,20-08-2024
890,158,26-03-2025
891,461,12-01-2025
892,447,05-12-2024
893,323,28-01-2023
894,306,30-04-2024
895,136,02-11-2024
896,401,05-03-2025
897,297,14-08-2024
898,117,08-01-2025
899,27,20-08-2024
900,246,24-06-2023
901,269,06-10-2024
902,370,26-09-2024
903,397,11-05-2025
904,195,01-06-2023
905,421,28-11-2024
906,125,02-02-2023
907,294,18-12-2024
908,57,15-07-2023
909,10,27-03-2024
910,161,04-03-2024
911,78,27-02-2024
912,354,28-07-2023
913,211,28-05-2024
914,397,18-09-2024
915,472,27-04-2024
916,447,18-05-2025
917,377,14-01-2025
918,32,23-12-2024
919,71,15-06-2024
920,107,28-07-2024
921,167,09-11-2024
922,245,22-06-2024
923,193,18-11-2023
924,490,27-06-2023
925,236,29-06-2024
926,176,13-07-2024
927,182,23-11-2024
928,396,07-06-2025
929,370,28-11-2024
930,330,02-04-2025
931,355,28-09-2023
932,313,10-05-2024
933,99,10-09-2023
934,143,25-07-2024
935,153,19-08-2023
936,483,01-11-2023
937,395,23-10-2023
938,361,01-08-2023
939,354,22-12-2024
940,251,21-11-2023
941,246,24-12-2023
942,287,25-03-2025
943,370,08-10-2023
944,148,05-05-2023
945,294,23-11-2024
946,279,24-01-2024
947,459,09-02-2024
948,420,20-12-2023
949,489,02-03-2025
950,412,30-05-2023
951,149,13-02-2023
952,148,01-01-2025
953,41,21-12-2023
954,474,28-03-2024
955,336,20-09-2023
956,383,05-05-2024
957,110,26-07-2023
958,424,05-07-2024
959,139,29-07-2024
960,357,06-10-2023
961,71,22-04-2023
962,316,28-01-2025
963,301,03-09-2023
964,125,21-02-2023
965,343,27-06-2024
966,116,15-10-2024
967,120,23-02-2023
968,52,28-02-2024
969,170,04-01-2025
970,242,13-04-2023
971,349,28-02-2025
972,71,06-01-2023
973,494,17-07-2024
974,476,11-06-2023
975,209,30-10-2024
976,479,18-06-2025
977,244,03-05-2024
978,334,24-07-2023
979,388,22-10-2023
980,165,20-10-2023
981,331,02-03-2023
982,465,26-02-2025
983,46,29-10-2024
984,294,26-08-2023
985,274,26-01-2025
986,371,20-05-2025
987,480,08-02-2023
988,468,29-06-2023
989,214,07-05-2025
990,91,07-02-2023
991,429,11-02-2024
992,404,22-05-2024
993,96,05-02-2025
994,493,12-06-2025
995,475,24-10-2023
996,449,08-02-2023
997,5,02-11-2023
998,291,09-09-2024
999,55,10-12-2023
1000,146,10-04-2024
1001,329,10-07-2024
1002,269,20-05-2024
1003,456,18-05-2023
1004,436,31-05-2024
1005,240,07-10-2023
1006,99,08-04-2025
1007,58,05-12-2023
1008,84,18-01-2025
1009,235,25-10-2024
1010,132,05-01-2025
1011,96,15-01-2023
1012,378,12-12-2023
1013,405,30-10-2023
1014,291,21-11-2024
1015,388,17-07-2023
1016,90,17-09-2024
1017,439,16-10-2024
1018,460,20-02-2024
1019,424,13-03-2024
1020,264,02-12-2023
1021,45,15-02-2024
1022,343,08-04-2023
1023,95,24-05-2023
1024,245,28-11-2023
1025,480,12-09-2023
1026,4,25-09-2023
1027,197,30-08-2023
1028,229,10-02-2025
1029,137,04-12-2023
1030,155,19-08-2024
1031,371,09-08-2024
1032,6,25-09-2023
1033,335,04-01-2024
1034,355,30-08-2023
1035,32,14-11-2024
1036,61,21-04-2024
1037,158,13-06-2023
1038,208,03-12-2024
1039,258,21-12-2024
1040,395,15-11-2023
1041,354,01-05-2023
1042,328,30-10-2023
1043,189,21-09-2024
1044,114,13-08-2023
1045,491,17-05-2023
1046,245,06-06-2023
1047,233,04-02-2025
1048,311,18-01-2024
1049,213,19-12-2024
1050,282,27-04-2024
1051,388,04-07-2024
1052,411,11-11-2024
1053,423,12-08-2023
1054,391,11-09-2023
1055,349,11-02-2025
1056,306,13-06-2025
1057,404,25-03-2023
1058,270,02-04-2024
1059,271,21-12-2024
1060,186,21-03-2023
1061,470,31-07-2024
1062,58,05-03-2023
1063,425,14-07-2024
1064,463,01-06-2024
1065,104,09-08-2024
1066,275,03-06-2023
1067,85,02-12-2023
1068,438,16-06-2024
1069,227,30-04-2023
1070,349,30-07-2023
1071,368,20-08-2024
1072,251,04-04-2023
1073,461,06-06-2024
1074,229,08-04-2025
1075,29,09-04-2024
1076,68,09-06-2024
1077,213,12-04-2024
1078,289,01-03-2023
1079,287,18-04-2024
1080,345,06-04-2025
1081,158,10-01-2025
1082,12,10-02-2024
1083,131,16-04-2025
1084,2,02-02-2025
1085,112,15-08-2024
1086,38,16-02-2023
1087,217,19-12-2023
1088,359,07-03-2023
1089,278,03-03-2023
1090,479,12-03-2023
1091,479,28-04-2024
1092,17,21-10-2023
1093,210,04-07-2023
1094,394,19-05-2023
1095,393,18-10-2024
1096,374,23-10-2024
1097,494,06-03-2024
1098,192,27-01-2024
1099,230,09-06-2025
1100,470,22-01-2024
1101,193,24-03-2023
1102,350,08-11-2024
1103,448,06-07-2024
1104,69,31-10-2024
1105,441,23-12-2023
1106,61,02-07-2023
1107,276,07-02-2024
1108,271,11-05-2023
1109,373,17-08-2023
1110,428,04-01-2023
1111,388,24-01-2023
1112,153,19-04-2024
1113,345,06-01-2025
1114,279,10-03-2024
1115,273,24-01-2024
1116,422,24-08-2023
1117,127,16-04-2024
1118,178,08-06-2023
1119,142,13-07-2023
1120,480,15-06-2025
1121,372,22-02-2025
1122,58,02-02-2023
1123,415,07-11-2024
1124,215,21-09-2024
1125,393,17-01-2023
1126,124,31-07-2023
1127,35,14-04-2023
1128,305,04-02-2023
1129,229,04-09-2024
1130,345,21-12-2024
1131,447,19-02-2023
1132,126,28-01-2025
1133,23,16-02-2024
1134,225,28-08-2023
1135,277,11-08-2023
1136,387,03-06-2025
1137,398,27-02-2023
1138,72,30-05-2024
1139,149,28-08-2023
1140,418,19-01-2025
1141,295,23-11-2023
1142,296,04-09-2024
1143,396,19-11-2024
1144,420,25-11-2023
1145,122,06-11-2023
1146,449,27-05-2023
1147,339,17-06-2024
1148,114,28-02-2024
1149,154,09-10-2023
1150,32,24-07-2024
1151,486,28-08-2024
1152,451,22-01-2025
1153,467,29-06-2023
1154,321,26-11-2024
1155,219,23-07-2024
1156,254,18-02-2023
1157,498,19-12-2023
1158,483,20-10-2024
1159,344,26-01-2024
1160,403,21-06-2024
1161,164,14-12-2024
1162,214,23-02-2024
1163,77,04-11-2023
1164,193,08-07-2023
1165,387,04-07-2024
1166,243,04-09-2023
1167,435,19-08-2023
1168,154,28-05-2025
1169,363,28-05-2023
1170,413,19-04-2024
1171,469,01-03-2023
1172,288,27-02-2024
1173,496,02-03-2024
1174,286,26-06-2024
1175,69,02-02-2024
1176,125,19-09-2023
1177,105,05-12-2023
1178,332,22-03-2023
1179,473,05-04-2024
1180,434,15-01-2024
1181,48,02-07-2024
1182,371,29-04-2025
1183,98,22-02-2023
1184,138,22-01-2024
1185,345,11-09-2024
1186,309,10-02-2023
1187,448,16-03-2023
1188,97,03-04-2025
1189,390,24-08-2024
1190,371,18-11-2024
1191,287,11-08-2023
1192,246,02-08-2023
1193,446,07-12-2023
1194,156,16-01-2023
1195,109,14-07-2023
1196,493,29-01-2025
1197,61,03-02-2025
1198,387,05-05-2024
1199,469,06-09-2023
1200,357,10-09-2024
1201,361,29-07-2023
1202,204,03-09-2023
1203,283,26-11-2023
1204,398,17-10-2023
1205,195,22-04-2024
1206,274,26-10-2024
1207,184,12-11-2023
1208,134,04-01-2024
1209,263,24-05-2024
1210,239,11-04-2023
1211,412,09-01-2025
1212,241,18-02-2025
1213,430,24-11-2023
1214,469,28-07-2023
1215,190,17-11-2023
1216,212,16-02-2023
1217,289,03-06-2025
1218,114,29-01-2025
1219,75,17-01-2023
1220,134,20-07-2024
1221,479,21-08-2024
1222,297,07-01-2025
1223,214,30-10-2023
1224,79,20-07-2023
1225,169,24-08-2023
1226,195,06-08-2024
1227,427,09-09-2023
1228,256,17-07-2024
1229,336,02-12-2024
1230,173,21-09-2023
1231,391,21-04-2025
1232,251,10-01-2025
1233,329,27-01-2025
1234,252,16-04-2024
1235,87,20-01-2025
1236,408,27-12-2023
1237,87,24-05-2023
1238,369,13-07-2024
1239,251,08-07-2023
1240,470,09-07-2024
1241,329,02-03-2023
1242,269,04-02-2023
1243,430,17-05-2025
1244,39,17-04-2025
1245,343,19-02-2023
1246,392,07-01-2023
1247,212,21-05-2023
1248,432,07-10-2024
1249,119,11-03-2023
1250,363,04-06-2023
1251,5,12-08-2023
1252,259,11-04-2024
1253,192,03-03-2023
1254,317,15-10-2024
1255,342,23-09-2024
1256,468,09-05-2024
1257,338,14-05-2024
1258,9,07-01-2023
1259,273,18-07-2024
1260,211,13-01-2023
1261,9,26-06-2024
1262,370,09-10-2023
1263,275,21-10-2023
1264,9,29-05-2024
1265,417,15-12-2024
1266,346,16-03-2024
1267,413,03-07-2023
1268,55,09-04-2023
1269,269,02-06-2023
1270,124,16-07-2023
1271,318,23-06-2024
1272,130,14-04-2025
1273,182,01-10-2023
1274,408,11-02-2024
1275,41,18-01-2024
1276,492,20-02-2024
1277,236,01-08-2024
1278,125,14-12-2024
1279,116,04-11-2023
1280,351,27-04-2025
1281,435,24-03-2023
1282,335,28-05-2025
1283,333,16-02-2025
1284,17,06-04-2023
1285,208,24-01-2024
1286,194,19-07-2024
1287,244,27-02-2023
1288,327,10-01-2023
1289,360,25-06-2023
1290,43,26-05-2024
1291,433,20-03-2024
1292,331,14-03-2025
1293,170,02-08-2024
1294,440,08-04-2023
1295,459,24-06-2024
1296,471,13-02-2023
1297,118,05-08-2023
1298,462,07-06-2025
1299,355,03-08-2024
1300,244,05-10-2023
1301,24,18-03-2023
1302,351,15-10-2023
1303,461,10-07-2024
1304,289,04-11-2024
1305,17,03-07-2023
1306,476,20-05-2025
1307,162,17-01-2023
1308,493,01-08-2023
1309,301,28-05-2023
1310,386,20-04-2025
1311,365,20-04-2025
1312,204,20-03-2023
1313,154,16-06-2023
1314,289,04-09-2023
1315,291,04-05-2025
1316,435,03-02-2024
1317,347,07-07-2024
1318,170,29-01-2024
1319,387,27-01-2025
1320,72,20-03-2025
1321,353,11-01-2025
1322,41,27-05-2024
1323,382,21-12-2023
1324,28,11-04-2023
1325,224,26-08-2023
1326,430,19-03-2023
1327,175,11-09-2024
1328,394,20-09-2024
1329,489,01-09-2024
1330,204,03-03-2025
1331,168,31-01-2023
1332,325,07-10-2023
1333,402,06-04-2024
1334,252,22-08-2023
1335,183,20-07-2024
1336,482,20-01-2024
1337,222,10-07-2023
1338,349,22-08-2024
1339,339,25-01-2024
1340,44,01-03-2025
1341,317,30-10-2023
1342,409,10-09-2023
1343,366,17-03-2023
1344,43,02-10-2023
1345,79,25-01-2024
1346,365,13-03-2025
1347,325,07-06-2023
1348,379,03-02-2024
1349,163,05-01-2024
1350,55,04-04-2023
1351,3,12-11-2023
1352,228,04-01-2024
1353,390,04-10-2023
1354,53,16-05-2023
1355,45,11-07-2023
1356,221,04-04-2024
1357,286,22-07-2024
1358,263,22-02-2024
1359,53,27-01-2023
1360,46,29-12-2023
1361,284,06-04-2023
1362,306,04-09-2024
1363,402,29-11-2023
1364,443,30-01-2024
1365,7,26-10-2023
1366,212,02-02-2024
1367,399,28-03-2023
1368,372,26-07-2024
1369,464,06-09-2023
1370,293,17-06-2024
1371,87,02-12-2024
1372,195,23-06-2023
1373,72,03-10-2023
1374,155,02-10-2023
1375,253,30-05-2023
1376,33,21-06-2023
1377,223,10-10-2023
1378,216,03-11-2023
1379,248,12-03-2025
1380,40,05-01-2024
1381,129,10-09-2023
1382,370,02-10-2024
1383,254,31-08-2024
1384,316,20-07-2023
1385,235,20-04-2023
1386,70,08-11-2023
1387,4,10-02-2024
1388,171,11-05-2025
1389,318,25-01-2024
1390,412,01-06-2025
1391,169,26-03-2024
1392,172,16-03-2024
1393,418,23-04-2025
1394,441,28-10-2024
1395,499,31-08-2024
1396,70,04-11-2023
1397,165,09-09-2024
1398,486,12-12-2024
1399,103,05-05-2024
1400,161,01-07-2023
1401,494,12-02-2024
1402,496,23-11-2023
1403,150,22-01-2025
1404,356,10-10-2024
1405,252,12-08-2024
1406,401,06-09-2023
1407,167,21-01-2024
1408,144,16-04-2025
1409,403,07-02-2024
1410,187,27-04-2023
1411,478,31-07-2024
1412,103,29-08-2024
1413,280,04-07-2023
1414,350,25-02-2025
1415,282,28-01-2023
1416,488,14-01-2025
1417,237,26-12-2024
1418,108,24-03-2024
1419,409,26-10-2023
1420,426,10-12-2024
1421,36,18-04-2025
1422,435,25-03-2025
1423,408,23-02-2024
1424,345,26-05-2024
1425,72,10-10-2024
1426,156,05-09-2023
1427,130,05-11-2024
1428,79,02-01-2025
1429,217,19-03-2025
1430,194,17-03-2023
1431,230,04-09-2024
1432,246,19-08-2024
1433,206,01-07-2024
1434,260,09-06-2025
1435,355,04-03-2024
1436,279,07-02-2023
1437,405,04-01-2024
1438,360,11-04-2025
1439,275,31-08-2024
1440,327,29-03-2023
1441,56,26-02-2025
1442,128,04-11-2024
1443,341,30-12-2023
1444,86,24-10-2024
1445,314,15-02-2023
1446,289,22-10-2024
1447,347,24-10-2024
1448,205,09-02-2025
1449,170,26-03-2025
1450,221,19-04-2023
1451,6,11-04-2023
1452,133,16-08-2023
1453,262,03-02-2025
1454,266,25-07-2024
1455,298,05-12-2024
1456,295,15-08-2023
1457,229,19-01-2024
1458,201,19-04-2024
1459,396,26-11-2024
1460,302,08-12-2024
1461,257,04-06-2023
1462,177,26-01-2023
1463,248,18-04-2023
1464,152,01-03-2024
1465,472,29-03-2023
1466,60,01-05-2025
1467,482,17-01-2025
1468,73,23-12-2023
1469,160,18-12-2023
1470,234,14-03-2025
1471,106,17-06-2024
1472,248,23-12-2023
1473,244,10-04-2023
1474,225,09-01-2025
1475,357,08-04-2024
1476,164,10-03-2023
1477,154,15-02-2023
1478,415,28-12-2024
1479,59,24-01-2023
1480,435,18-12-2023
1481,332,22-04-2023
1482,347,30-03-2025
1483,85,28-01-2025
1484,125,12-06-2024
1485,90,19-07-2024
1486,82,05-12-2023
1487,287,12-03-2024
1488,491,18-04-2024
1489,119,27-03-2025
1490,208,06-10-2024
1491,95,10-07-2023
1492,328,04-11-2024
1493,222,10-02-2024
1494,15,25-01-2025
1495,315,22-07-2023
1496,231,29-08-2024
1497,220,03-02-2024
1498,3,22-12-2024
1499,110,30-07-2023
1500,143,09-02-2025
1501,361,08-04-2025
1502,408,06-03-2023
1503,296,15-04-2023
1504,410,11-06-2025
1505,275,11-07-2023
1506,188,30-11-2023
1507,101,13-04-2024
1508,59,26-09-2023
1509,344,02-06-2025
1510,251,24-06-2024
1511,495,16-10-2024
1512,161,03-09-2024
1513,199,17-09-2024
1514,201,24-08-2024
1515,59,23-12-2023
1516,181,15-05-2025
1517,235,24-09-2024
1518,89,13-04-2025
1519,345,23-12-2024
1520,410,01-11-2023
1521,471,21-09-2024
1522,303,28-03-2023
1523,345,18-05-2023
1524,161,01-05-2023
1525,123,09-11-2023
1526,60,07-07-2023
1527,192,11-12-2024
1528,73,07-06-2024
1529,199,04-03-2024
1530,306,22-05-2023
1531,295,28-01-2024
1532,217,10-07-2023
1533,250,12-10-2024
1534,276,11-12-2024
1535,471,22-10-2024
1536,477,27-06-2023
1537,285,20-06-2023
1538,251,23-10-2023
1539,72,11-07-2023
1540,162,12-05-2025
1541,231,26-09-2024
1542,28,05-06-2025
1543,184,10-01-2023
1544,249,20-05-2023
1545,100,14-04-2025
1546,197,29-07-2024
1547,259,30-10-2024
1548,254,23-02-2024
1549,351,18-05-2024
1550,213,28-12-2024
1551,431,30-03-2024
1552,251,21-06-2023
1553,43,01-08-2024
1554,16,25-03-2025
1555,390,14-08-2023
1556,150,03-02-2023
1557,141,19-08-2023
1558,276,23-10-2023
1559,87,10-03-2025
1560,235,02-08-2024
1561,381,02-03-2025
1562,393,22-05-2024
1563,282,07-06-2024
1564,58,09-08-2024
1565,59,02-10-2023
1566,397,10-07-2024
1567,422,11-01-2024
1568,278,22-04-2025
1569,388,12-02-2023
1570,390,06-01-2025
1571,226,13-07-2024
1572,112,11-03-2024
1573,53,23-01-2025
1574,425,31-10-2024
1575,385,11-09-2023
1576,153,14-06-2025
1577,17,05-04-2024
1578,135,23-12-2023
1579,442,16-04-2025
1580,45,25-03-2024
1581,444,01-05-2023
1582,398,11-04-2025
1583,122,03-08-2023
1584,416,25-01-2025
1585,302,06-12-2024
1586,180,31-05-2025
1587,364,16-09-2024
1588,324,14-03-2024
1589,85,22-09-2024
1590,72,14-03-2025
1591,106,13-04-2025
1592,106,04-04-2025
1593,31,06-08-2024
1594,180,29-06-2024
1595,144,03-09-2024
1596,276,22-06-2023
1597,166,21-12-2024
1598,150,24-10-2023
1599,294,01-10-2023
1600,488,28-05-2025
1601,264,26-11-2024
1602,418,08-04-2023
1603,70,07-02-2025
1604,403,26-02-2024
1605,471,02-03-2023
1606,142,06-06-2025
1607,336,10-05-2023
1608,360,05-06-2025
1609,68,13-09-2023
1610,75,29-12-2024
1611,165,28-04-2025
1612,127,18-02-2025
1613,432,23-11-2024
1614,202,16-05-2024
1615,73,14-08-2024
1616,324,03-10-2023
1617,322,29-02-2024
1618,193,07-04-2024
1619,39,10-10-2024
1620,407,26-02-2025
1621,48,17-02-2024
1622,264,06-02-2025
1623,143,12-12-2024
1624,480,17-06-2025
1625,189,10-04-2024
1626,487,14-05-2024
1627,168,18-08-2024
1628,2,08-06-2025
1629,397,17-05-2025
1630,376,06-04-2023
1631,375,14-04-2024
1632,326,11-11-2024
1633,358,02-01-2024
1634,436,06-03-2023
1635,408,01-07-2024
1636,204,12-08-2023
1637,496,15-03-2024
1638,423,05-08-2023
1639,254,02-10-2023
1640,166,28-04-2025
1641,146,12-12-2023
1642,281,14-08-2024
1643,67,02-08-2024
1644,437,11-05-2024
1645,404,18-12-2023
1646,458,29-11-2024
1647,391,19-02-2023
1648,24,12-04-2023
1649,321,13-03-2025
1650,429,15-04-2024
1651,9,08-05-2023
1652,476,28-05-2025
1653,81,27-03-2024
1654,234,01-01-2023
1655,491,14-03-2024
1656,104,06-12-2024
1657,466,16-05-2023
1658,452,27-10-2024
1659,155,12-06-2023
1660,448,16-06-2025
1661,141,06-04-2023
1662,336,05-01-2024
1663,129,26-03-2023
1664,191,11-11-2024
1665,463,26-10-2024
1666,85,23-02-2023
1667,203,02-10-2024
1668,157,13-01-2025
1669,359,12-02-2025
1670,120,15-03-2024
1671,336,04-04-2023
1672,361,08-04-2023
1673,1,07-08-2023
1674,245,21-03-2023
1675,68,30-08-2024
1676,116,15-06-2024
1677,349,31-03-2024
1678,5,09-01-2023
1679,357,18-12-2023
1680,419,04-05-2023
1681,441,08-03-2024
1682,356,16-05-2023
1683,245,14-03-2023
1684,118,28-01-2024
1685,46,18-01-2025
1686,413,15-04-2023
1687,53,17-11-2023
1688,189,03-11-2023
1689,71,27-01-2024
1690,397,12-04-2025
1691,386,14-06-2025
1692,69,18-10-2024
1693,347,27-05-2023
1694,36,27-06-2024
1695,289,09-01-2023
1696,313,27-10-2024
1697,85,26-03-2024
1698,180,09-01-2025
1699,110,05-10-2024
1700,384,05-06-2023
1701,471,26-02-2024
1702,316,04-12-2024
1703,227,30-05-2025
1704,112,30-03-2023
1705,460,13-04-2023
1706,72,09-02-2025
1707,64,26-08-2024
1708,374,29-01-2024
1709,180,15-03-2024
1710,162,21-03-2025
1711,72,11-09-2023
1712,142,22-10-2024
1713,44,12-09-2023
1714,284,07-09-2024
1715,308,08-01-2025
1716,312,19-10-2023
1717,399,08-12-2024
1718,14,18-05-2025
1719,434,05-11-2024
1720,449,05-11-2023
1721,106,14-06-2024
1722,311,05-06-2024
1723,97,04-02-2025
1724,201,30-10-2023
1725,331,25-02-2023
1726,402,23-03-2025
1727,489,03-09-2023
1728,254,31-01-2024
1729,58,04-09-2023
1730,256,15-10-2024
1731,305,14-03-2023
1732,271,13-01-2023
1733,185,21-11-2023
1734,68,01-02-2024
1735,441,09-05-2025
1736,292,06-03-2024
1737,188,13-07-2024
1738,350,26-06-2023
1739,391,27-04-2024
1740,489,27-02-2025
1741,38,18-01-2023
1742,301,11-03-2023
1743,8,26-09-2023
1744,111,10-02-2023
1745,473,03-03-2023
1746,486,19-03-2025
1747,204,02-06-2024
1748,147,05-10-2024
1749,365,28-05-2024
1750,393,01-03-2024
1751,217,19-12-2024
1752,206,26-03-2023
1753,328,03-07-2024
1754,276,22-09-2024
1755,79,12-10-2023
1756,43,14-11-2023
1757,41,07-06-2024
1758,472,28-07-2023
1759,499,07-04-2025
1760,80,03-07-2024
1761,168,05-02-2024
1762,301,11-10-2024
1763,391,04-05-2025
1764,333,28-11-2024
1765,330,09-03-2023
1766,159,16-12-2024
1767,224,17-01-2025
1768,489,16-05-2025
1769,123,01-03-2023
1770,126,30-03-2023
1771,474,20-03-2024
1772,60,09-04-2024
1773,314,15-09-2024
1774,29,13-11-2023
1775,342,29-01-2025
1776,337,28-01-2025
1777,90,03-05-2023
1778,7,25-12-2024
1779,71,19-12-2024
1780,6,17-06-2023
1781,255,22-12-2023
1782,268,13-06-2024
1783,401,22-04-2025
1784,370,23-09-2023
1785,86,16-01-2024
1786,65,06-02-2025
1787,400,13-06-2025
1788,138,20-01-2025
1789,454,01-05-2023
1790,395,31-01-2023
1791,172,06-04-2025
1792,220,06-10-2023
1793,269,07-03-2023
1794,135,30-12-2024
1795,500,13-08-2024
1796,322,20-03-2023
1797,255,11-04-2024
1798,262,04-01-2024
1799,29,26-05-2024
1800,440,03-08-2024
1801,86,12-01-2024
1802,81,19-09-2023
1803,396,16-04-2023
1804,458,10-08-2024
1805,346,10-01-2025
1806,60,22-08-2023
1807,380,05-06-2024
1808,2,15-02-2023
1809,440,02-06-2025
1810,7,08-09-2023
1811,24,28-04-2024
1812,187,28-01-2024
1813,472,03-06-2023
1814,92,28-05-2025
1815,19,20-07-2024
1816,412,01-01-2025
1817,380,02-11-2024
1818,215,18-08-2023
1819,165,12-09-2023
1820,214,07-01-2025
1821,164,05-10-2023
1822,423,21-03-2023
1823,293,17-01-2024
1824,62,29-05-2024
1825,345,23-02-2023
1826,92,17-08-2023
1827,412,12-06-2024
1828,24,15-02-2024
1829,36,17-06-2025
1830,239,05-06-2025
1831,145,03-03-2025
1832,433,15-11-2023
1833,168,30-03-2023
1834,284,12-04-2024
1835,5,13-01-2024
1836,103,26-10-2023
1837,289,14-03-2025
1838,156,27-01-2025
1839,319,06-09-2023
1840,238,13-01-2024
1841,303,20-05-2024
1842,396,05-03-2025
1843,101,20-01-2025
1844,462,13-07-2024
1845,390,26-03-2025
1846,126,04-06-2023
1847,4,24-02-2024
1848,13,27-08-2023
1849,278,21-12-2023
1850,326,09-05-2025
1851,356,17-06-2025
1852,5,10-12-2023
1853,1,16-02-2025
1854,337,21-01-2024
1855,435,25-01-2025
1856,373,11-11-2023
1857,54,30-07-2023
1858,272,01-09-2023
1859,215,18-05-2024
1860,493,03-03-2023
1861,498,26-05-2023
1862,365,14-10-2023
1863,48,14-02-2023
1864,472,26-08-2023
1865,460,15-05-2025
1866,267,27-02-2024
1867,359,17-01-2024
1868,235,04-02-2025
1869,44,17-08-2024
1870,49,01-06-2024
1871,69,14-10-2024
1872,420,08-02-2024
1873,39,29-08-2024
1874,291,05-03-2023
1875,223,09-11-2024
1876,494,14-05-2023
1877,122,26-10-2023
1878,134,21-05-2025
1879,162,31-03-2025
1880,202,18-12-2024
1881,426,23-01-2025
1882,168,22-11-2023
1883,232,06-10-2023
1884,120,18-03-2023
1885,484,27-07-2023
1886,70,09-03-2025
1887,395,21-08-2024
1888,56,09-06-2023
1889,55,18-06-2023
1890,231,22-04-2024
1891,161,21-02-2024
1892,62,02-07-2024
1893,184,27-02-2025
1894,107,07-04-2024
1895,158,19-04-2024
1896,136,22-05-2025
1897,62,03-04-2023
1898,81,06-04-2025
1899,352,08-11-2023
1900,424,22-12-2024
1901,357,09-09-2024
1902,21,09-08-2023
1903,428,27-05-2025
1904,168,01-06-2023
1905,47,29-12-2024
1906,128,31-12-2023
1907,203,09-06-2024
1908,26,24-11-2024
1909,154,24-09-2023
1910,420,28-06-2023
1911,16,19-02-2024
1912,438,08-04-2024
1913,285,05-02-2025
1914,282,13-09-2023
1915,49,18-04-2024
1916,53,03-04-2025
1917,407,24-05-2023
1918,63,13-01-2023
1919,32,30-04-2025
1920,400,16-08-2023
1921,67,22-07-2023
1922,422,15-02-2024
1923,191,03-12-2024
1924,323,22-10-2024
1925,44,19-08-2024
1926,301,23-09-2023
1927,470,12-04-2025
1928,39,23-01-2023
1929,34,22-07-2023
1930,463,23-10-2024
1931,228,08-04-2025
1932,66,05-04-2023
1933,464,17-05-2025
1934,425,08-04-2025
1935,170,06-05-2023
1936,22,17-04-2024
1937,26,22-06-2023
1938,474,10-08-2024
1939,222,21-04-2025
1940,371,09-02-2024
1941,255,31-01-2023
1942,196,30-11-2024
1943,219,26-06-2023
1944,182,08-08-2023
1945,466,11-07-2023
1946,141,14-10-2023
1947,229,02-06-2023
1948,18,20-09-2024
1949,318,23-09-2024
1950,126,24-10-2024
1951,152,25-05-2024
1952,211,17-07-2024
1953,246,04-03-2023
1954,45,14-10-2023
1955,197,21-05-2023
1956,215,24-07-2023
1957,330,27-03-2025
1958,270,13-09-2023
1959,323,01-04-2025
1960,279,24-03-2025
1961,10,27-01-2024
1962,401,31-12-2024
1963,184,06-05-2024
1964,279,11-03-2025
1965,249,19-12-2023
1966,468,02-08-2024
1967,258,26-11-2023
1968,199,04-10-2023
1969,93,27-01-2023
1970,164,03-09-2024
1971,113,31-01-2023
1972,459,10-04-2025
1973,399,15-10-2023
1974,30,08-04-2025
1975,242,26-06-2024
1976,184,24-02-2025
1977,300,27-08-2023
1978,499,13-06-2023
1979,52,11-09-2023
1980,337,04-09-2023
1981,137,30-06-2024
1982,418,21-03-2025
1983,470,24-01-2025
1984,29,21-02-2025
1985,486,13-08-2023
1986,295,16-05-2025
1987,409,02-02-2024
1988,182,09-05-2025
1989,433,27-06-2023
1990,91,31-08-2023
1991,304,22-11-2023
1992,413,25-01-2025
1993,358,03-01-2024
1994,468,28-08-2024
1995,15,21-12-2024
1996,359,27-12-2023
1997,486,04-08-2024
1998,289,26-05-2023
1999,289,12-07-2023
2000,429,09-04-2025
2001,452,19-05-2024
2002,278,13-11-2023
2003,90,17-05-2024
2004,20,03-04-2023
2005,29,27-08-2023
2006,309,13-08-2023
2007,11,23-06-2024
2008,245,01-01-2023
2009,170,20-09-2024
2010,104,05-04-2025
2011,67,15-12-2023
2012,368,01-07-2023
2013,471,01-04-2025
2014,433,08-06-2025
2015,166,02-03-2023
2016,12,01-06-2023
2017,301,22-12-2024
2018,470,26-05-2023
2019,397,24-04-2023
2020,434,22-06-2024
2021,441,09-01-2024
2022,492,16-03-2023
2023,192,22-12-2024
2024,483,09-11-2024
2025,203,23-08-2024
2026,52,11-12-2023
2027,155,27-11-2023
2028,70,11-06-2023
2029,375,23-03-2024
2030,406,16-10-2024
2031,492,13-05-2024
2032,333,21-11-2023
2033,90,25-12-2024
2034,496,29-07-2024
2035,356,20-09-2024
2036,403,01-01-2024
2037,115,12-11-2024
2038,302,14-04-2025
2039,90,23-01-2024
2040,158,21-01-2025
2041,353,29-10-2023
2042,66,01-07-2023
2043,374,02-01-2023
2044,486,19-12-2024
2045,486,09-08-2024
2046,201,21-05-2025
2047,395,04-08-2024
2048,17,06-07-2023
2049,309,22-11-2023
2050,472,08-04-2025
2051,496,18-09-2024
2052,114,16-10-2024
2053,290,17-04-2023
2054,480,23-05-2024
2055,73,06-12-2023
2056,382,21-03-2023
2057,122,22-12-2023
2058,164,21-06-2023
2059,326,01-04-2023
2060,421,26-12-2024
2061,344,16-10-2024
2062,374,10-12-2023
2063,229,12-01-2023
2064,136,03-08-2023
2065,128,10-12-2024
2066,35,25-12-2023
2067,132,16-03-2025
2068,56,07-01-2025
2069,1,19-02-2023
2070,198,24-03-2024
2071,376,05-03-2024
2072,497,20-06-2023
2073,453,28-02-2024
2074,253,23-01-2024
2075,180,13-07-2024
2076,193,14-04-2023
2077,425,05-05-2024
2078,404,03-06-2025
2079,296,28-10-2024
2080,389,04-12-2024
2081,116,16-06-2023
2082,232,17-03-2023
2083,410,16-05-2025
2084,18,29-10-2023
2085,11,23-11-2023
2086,134,18-04-2023
2087,38,17-12-2023
2088,88,20-01-2024
2089,83,19-01-2025
2090,39,14-07-2024
2091,483,06-04-2023
2092,174,31-08-2024
2093,315,09-05-2024
2094,361,01-02-2023
2095,221,31-10-2024
2096,85,13-09-2024
2097,456,20-03-2024
2098,81,24-02-2023
2099,52,06-12-2023
2100,106,14-07-2023
2101,210,14-12-2024
2102,284,09-01-2025
2103,474,17-01-2025
2104,277,29-09-2023
2105,339,16-10-2023
2106,153,01-09-2023
2107,50,20-02-2023
2108,202,08-08-2024
2109,282,10-05-2025
2110,252,07-06-2023
2111,28,05-01-2024
2112,2,13-03-2024
2113,45,29-10-2023
2114,422,08-11-2024
2115,321,06-09-2024
2116,246,24-07-2023
2117,50,27-01-2023
2118,106,24-06-2023
2119,327,26-10-2023
2120,42,29-04-2024
2121,433,29-04-2023
2122,158,14-03-2025
2123,204,27-04-2024
2124,251,07-11-2024
2125,136,04-04-2023
2126,329,11-07-2024
2127,199,09-07-2023
2128,190,26-01-2024
2129,190,11-07-2023
2130,229,15-02-2023
2131,135,26-03-2024
2132,239,27-09-2023
2133,116,07-05-2025
2134,138,31-07-2024
2135,32,04-06-2023
2136,386,14-12-2024
2137,342,10-04-2023
2138,44,15-11-2024
2139,177,07-04-2025
2140,278,28-02-2024
2141,498,13-02-2025
2142,302,21-08-2023
2143,284,04-03-2023
2144,431,01-02-2024
2145,420,19-06-2024
2146,215,02-07-2024
2147,352,06-06-2025
2148,480,01-05-2024
2149,294,30-08-2023
2150,244,03-11-2023
2151,41,09-02-2024
2152,463,24-05-2025
2153,366,05-02-2023
2154,258,07-08-2024
2155,462,13-06-2024
2156,410,08-08-2024
2157,347,27-09-2024
2158,76,04-05-2023
2159,487,14-02-2025
2160,230,27-06-2023
2161,486,21-06-2023
2162,498,05-08-2023
2163,414,17-07-2023
2164,65,13-02-2023
2165,217,22-03-2023
2166,350,21-03-2024
2167,104,22-04-2025
2168,322,01-06-2023
2169,428,01-09-2024
2170,133,24-11-2023
2171,467,14-01-2025
2172,469,06-04-2025
2173,35,31-03-2023
2174,199,23-07-2024
2175,204,19-07-2024
2176,167,27-05-2025
2177,142,16-06-2024
2178,235,13-06-2025
2179,7,16-03-2025
2180,359,30-09-2024
2181,301,19-06-2024
2182,401,05-03-2024
2183,58,29-02-2024
2184,77,01-06-2023
2185,291,25-08-2024
2186,299,15-02-2025
2187,494,13-04-2023
2188,474,19-04-2023
2189,289,09-03-2025
2190,52,15-03-2025
2191,147,07-06-2025
2192,275,19-12-2023
2193,450,25-02-2024
2194,136,28-01-2024
2195,336,12-05-2024
2196,293,15-09-2024
2197,243,08-02-2023
2198,89,10-10-2023
2199,207,28-05-2023
2200,317,15-09-2024
2201,349,11-12-2024
2202,206,09-02-2023
2203,203,19-06-2025
2204,170,08-12-2024
2205,122,20-02-2023
2206,382,01-05-2024
2207,472,03-10-2023
2208,460,17-01-2024
2209,11,12-12-2023
2210,419,23-03-2025
2211,156,15-11-2023
2212,144,13-05-2025
2213,252,28-05-2025
2214,357,02-12-2024
2215,51,08-06-2025
2216,117,18-05-2023
2217,154,31-01-2025
2218,227,03-03-2025
2219,423,25-11-2023
2220,138,16-01-2025
2221,214,11-09-2024
2222,331,02-04-2023
2223,97,28-03-2024
2224,109,23-04-2025
2225,209,28-01-2025
2226,249,16-02-2025
2227,265,07-06-2025
2228,192,20-04-2025
2229,29,11-06-2024
2230,406,12-06-2023
2231,34,15-11-2023
2232,364,02-06-2024
2233,207,19-05-2023
2234,400,21-05-2025
2235,269,19-06-2025
2236,292,30-01-2023
2237,89,17-07-2023
2238,449,02-05-2025
2239,103,07-05-2025
2240,30,13-09-2023
2241,17,12-04-2024
2242,26,05-01-2024
2243,361,23-07-2023
2244,141,13-01-2024
2245,422,20-04-2024
2246,259,11-02-2024
2247,326,07-05-2023
2248,349,01-02-2023
2249,124,17-01-2024
2250,251,31-08-2024
2251,229,01-07-2023
2252,492,10-06-2025
2253,243,23-08-2024
2254,283,25-12-2023
2255,177,17-06-2023
2256,429,22-09-2023
2257,384,30-04-2025
2258,353,03-04-2023
2259,146,29-01-2023
2260,198,20-02-2023
2261,84,24-05-2025
2262,293,09-03-2025
2263,495,08-08-2023
2264,439,15-08-2023
2265,332,19-08-2023
2266,347,31-07-2023
2267,138,29-10-2024
2268,210,09-06-2024
2269,11,04-06-2025
2270,400,24-02-2025
2271,350,10-01-2023
2272,243,16-05-2023
2273,332,27-06-2023
2274,308,31-03-2025
2275,5,18-08-2023
2276,130,14-09-2024
2277,413,09-11-2023
2278,365,27-12-2024
2279,330,09-10-2023
2280,217,21-01-2024
2281,437,24-12-2023
2282,236,16-09-2023
2283,112,22-04-2024
2284,155,24-11-2024
2285,267,24-04-2025
2286,320,11-02-2024
2287,300,15-04-2023
2288,4,07-06-2024
2289,340,13-05-2025
2290,430,19-01-2024
2291,288,24-10-2024
2292,305,15-09-2024
2293,145,02-11-2023
2294,351,21-04-2023
2295,247,07-03-2023
2296,173,11-10-2023
2297,328,29-11-2023
2298,442,11-10-2023
2299,134,02-11-2024
2300,365,29-10-2024
2301,153,12-07-2023
2302,77,13-06-2024
2303,392,04-09-2023
2304,461,28-02-2023
2305,413,27-05-2025
2306,411,09-04-2025
2307,308,18-02-2024
2308,339,24-11-2023
2309,349,24-05-2023
2310,370,27-01-2023
2311,336,24-05-2024
2312,152,23-09-2023
2313,465,04-03-2024
2314,208,02-02-2024
2315,378,06-02-2023
2316,299,26-12-2024
2317,293,15-04-2025
2318,98,18-12-2023
2319,372,31-12-2024
2320,114,03-12-2024
2321,274,15-10-2024
2322,402,02-05-2024
2323,465,18-11-2024
2324,184,03-06-2024
2325,154,15-05-2025
2326,88,10-05-2025
2327,337,16-06-2025
2328,286,05-07-2023
2329,151,10-04-2023
2330,242,12-05-2023
2331,380,22-09-2023
2332,372,07-04-2025
2333,287,20-02-2025
2334,468,07-07-2023
2335,485,27-11-2024
2336,461,10-12-2023
2337,336,02-04-2023
2338,114,30-12-2023
2339,115,01-02-2025
2340,447,11-11-2023
2341,216,18-03-2025
2342,455,06-12-2023
2343,191,24-09-2023
2344,300,29-10-2023
2345,238,21-05-2025
2346,61,26-04-2024
2347,28,06-06-2025
2348,325,20-08-2024
2349,298,27-09-2024
2350,37,28-04-2024
2351,456,19-07-2023
2352,257,03-05-2023
2353,445,28-11-2024
2354,196,26-06-2024
2355,153,28-02-2024
2356,28,10-06-2025
2357,438,04-06-2023
2358,71,25-07-2023
2359,176,24-02-2024
2360,292,13-04-2024
2361,74,20-11-2023
2362,442,02-01-2025
2363,93,08-03-2025
2364,42,14-05-2024
2365,171,08-10-2024
2366,91,17-11-2023
2367,325,01-03-2023
2368,3,07-04-2024
2369,141,03-08-2023
2370,390,03-03-2025
2371,87,13-08-2024
2372,392,12-06-2023
2373,251,15-03-2025
2374,391,09-03-2025
2375,46,13-05-2023
2376,315,20-03-2024
2377,325,15-03-2024
2378,207,15-03-2024
2379,495,03-05-2024
2380,197,05-01-2023
2381,20,30-06-2024
2382,103,18-01-2025
2383,192,15-01-2023
2384,457,26-11-2023
2385,388,03-05-2025
2386,272,15-07-2023
2387,10,23-11-2024
2388,3,03-10-2024
2389,376,12-09-2023
2390,116,11-12-2024
2391,450,19-12-2023
2392,160,13-05-2023
2393,53,28-01-2024
2394,258,25-08-2024
2395,157,21-06-2023
2396,34,23-04-2025
2397,24,02-11-2023
2398,486,25-10-2023
2399,234,15-01-2025
2400,267,02-09-2024
2401,269,12-12-2023
2402,223,04-12-2024
2403,69,17-12-2023
2404,462,16-05-2024
2405,184,07-02-2025
2406,97,18-06-2023
2407,486,11-04-2025
2408,207,20-01-2023
2409,117,18-08-2023
2410,373,15-05-2023
2411,109,21-01-2025
2412,12,26-08-2024
2413,259,23-06-2023
2414,64,11-01-2024
2415,365,28-10-2024
2416,406,08-02-2023
2417,193,16-06-2025
2418,328,19-09-2023
2419,395,01-07-2024
2420,320,19-02-2023
2421,305,19-02-2023
2422,339,21-04-2023
2423,335,06-05-2025
2424,11,19-02-2023
2425,354,29-04-2023
2426,214,30-03-2024
2427,195,07-05-2023
2428,281,16-09-2023
2429,243,19-12-2024
2430,79,30-07-2023
2431,356,03-12-2024
2432,323,10-01-2023
2433,155,06-03-2024
2434,339,14-04-2023
2435,340,16-06-2024
2436,139,29-09-2024
2437,311,18-12-2024
2438,71,04-03-2024
2439,426,18-04-2023
2440,262,06-01-2025
2441,317,01-05-2023
2442,145,27-04-2023
2443,402,19-04-2023
2444,255,23-07-2023
2445,312,24-07-2023
2446,399,27-09-2023
2447,426,19-06-2024
2448,499,26-07-2023
2449,184,21-12-2024
2450,210,30-10-2023
2451,83,10-02-2023
2452,281,23-05-2024
2453,467,01-08-2023
2454,353,07-05-2024
2455,170,29-08-2023
2456,2,14-01-2023
2457,344,02-04-2023
2458,465,24-04-2023
2459,428,10-08-2024
2460,343,20-05-2024
2461,77,03-04-2023
2462,400,07-06-2024
2463,39,10-01-2025
2464,371,14-04-2023
2465,464,20-09-2023
2466,330,25-08-2023
2467,234,31-10-2023
2468,136,20-04-2024
2469,26,13-04-2023
2470,417,28-06-2023
2471,448,10-02-2023
2472,437,25-10-2023
2473,185,31-03-2025
2474,347,17-11-2023
2475,219,26-01-2025
2476,60,08-04-2023
2477,436,15-02-2025
2478,456,16-02-2023
2479,5,22-05-2025
2480,71,10-11-2024
2481,332,24-06-2023
2482,169,02-01-2024
2483,458,24-03-2024
2484,490,28-09-2024
2485,138,18-06-2025
2486,376,06-04-2023
2487,191,14-04-2025
2488,176,07-07-2023
2489,59,15-02-2024
2490,205,12-04-2024
2491,140,05-05-2025
2492,198,07-12-2024
2493,436,04-05-2024
2494,410,07-03-2024
2495,333,27-03-2025
2496,86,26-04-2023
2497,68,13-12-2024
2498,372,02-03-2023
2499,483,14-05-2025
2500,82,17-04-2023
2501,214,27-08-2024
2502,248,01-04-2025
2503,292,25-11-2024
2504,225,05-07-2023
2505,313,24-01-2024
2506,399,03-01-2024
2507,314,30-01-2023
2508,442,01-12-2024
2509,451,08-05-2025
2510,373,14-05-2023
2511,248,14-05-2024
2512,58,26-02-2024
2513,226,17-02-2023
2514,33,25-09-2023
2515,336,18-11-2023
2516,7,22-12-2024
2517,445,25-11-2024
2518,269,24-02-2025
2519,381,13-08-2024
2520,371,01-08-2024
2521,115,16-11-2024
2522,448,13-12-2023
2523,266,19-06-2024
2524,353,18-12-2024
2525,317,08-04-2023
2526,222,08-11-2024
2527,373,12-09-2023
2528,247,21-12-2023
2529,340,23-11-2024
2530,329,30-01-2024
2531,77,09-05-2025
2532,424,25-07-2024
2533,457,19-09-2024
2534,28,12-01-2023
2535,330,10-06-2023
2536,259,19-05-2025
2537,241,22-05-2025
2538,254,09-06-2025
2539,85,18-03-2023
2540,385,18-05-2024
2541,165,04-09-2023
2542,170,12-10-2023
2543,26,03-06-2024
2544,115,17-07-2024
2545,330,23-01-2024
2546,207,16-04-2025
2547,121,22-03-2023
2548,236,30-03-2024
2549,411,09-08-2024
2550,230,01-04-2023
2551,439,25-05-2024
2552,229,20-11-2023
2553,61,24-05-2024
2554,382,31-10-2024
2555,10,16-04-2023
2556,207,27-02-2024
2557,19,24-07-2024
2558,282,01-01-2023
2559,423,04-04-2023
2560,406,10-09-2024
2561,494,25-09-2024
2562,327,08-11-2023
2563,456,04-06-2024
2564,288,31-07-2023
2565,336,18-11-2024
2566,234,16-12-2023
2567,187,25-04-2025
2568,28,16-04-2025
2569,115,14-05-2025
2570,233,06-12-2023
2571,287,24-02-2025
2572,318,06-09-2024
2573,243,03-01-2025
2574,337,08-01-2024
2575,367,08-04-2024
2576,59,10-04-2023
2577,389,05-11-2024
2578,114,03-01-2023
2579,175,30-12-2023
2580,425,10-10-2024
2581,494,30-03-2025
2582,150,14-07-2024
2583,268,18-01-2024
2584,360,19-04-2023
2585,24,18-06-2023
2586,253,24-05-2023
2587,421,04-01-2025
2588,381,08-01-2025
2589,210,20-04-2023
2590,131,17-09-2024
2591,101,12-07-2023
2592,62,22-05-2025
2593,202,09-08-2023
2594,235,24-04-2025
2595,401,15-07-2023
2596,367,13-12-2023
2597,56,14-02-2025
2598,213,17-02-2023
2599,475,10-10-2024
2600,429,19-11-2024
2601,302,07-05-2023
2602,396,06-04-2024
2603,235,05-11-2024
2604,302,31-05-2024
2605,69,25-05-2024
2606,3,27-06-2024
2607,377,19-02-2023
2608,284,19-03-2024
2609,430,22-08-2024
2610,248,04-06-2024
2611,400,01-07-2023
2612,355,15-08-2024
2613,89,18-01-2025
2614,418,12-05-2023
2615,54,01-02-2024
2616,337,06-09-2024
2617,311,26-11-2023
2618,259,29-01-2024
2619,215,15-09-2024
2620,469,10-12-2024
2621,391,12-09-2023
2622,141,12-02-2024
2623,494,18-12-2023
2624,497,29-10-2023
2625,232,04-04-2025
2626,69,22-05-2023
2627,212,08-09-2024
2628,359,05-02-2025
2629,263,03-11-2023
2630,432,19-12-2024
2631,281,31-05-2025
2632,161,29-12-2024
2633,378,20-07-2024
2634,324,11-08-2023
2635,103,03-08-2023
2636,320,01-01-2025
2637,149,04-12-2024
2638,177,19-11-2024
2639,68,28-12-2024
2640,333,02-07-2023
2641,258,09-07-2024
2642,356,14-10-2024
2643,166,28-12-2024
2644,60,18-02-2025
2645,181,29-07-2024
2646,246,19-08-2024
2647,293,14-11-2024
2648,364,03-03-2024
2649,346,04-02-2025
2650,458,11-05-2025
2651,274,20-10-2023
2652,450,17-05-2025
2653,217,07-04-2025
2654,7,19-06-2024
2655,55,26-01-2023
2656,196,29-05-2023
2657,28,17-11-2024
2658,29,24-07-2023
2659,137,07-02-2025
2660,403,14-06-2023
2661,147,30-11-2024
2662,129,30-05-2023
2663,430,05-03-2023
2664,354,14-03-2025
2665,152,28-07-2023
2666,386,08-07-2024
2667,17,03-01-2024
2668,417,08-04-2024
2669,53,22-09-2024
2670,445,22-11-2024
2671,379,29-07-2024
2672,443,18-08-2023
2673,381,24-10-2024
2674,288,03-02-2024
2675,122,07-06-2024
2676,402,26-03-2025
2677,409,13-12-2024
2678,148,10-12-2024
2679,341,18-02-2023
2680,475,26-01-2024
2681,199,02-03-2024
2682,490,18-03-2025
2683,500,02-12-2024
2684,161,19-07-2024
2685,28,14-01-2023
2686,381,15-09-2023
2687,104,27-09-2024
2688,445,10-03-2025
2689,441,10-06-2025
2690,227,29-04-2025
2691,116,10-10-2024
2692,361,27-12-2024
2693,332,12-01-2024
2694,387,25-08-2024
2695,280,26-01-2025
2696,309,21-07-2023
2697,398,12-01-2025
2698,494,18-07-2023
2699,151,04-04-2024
2700,91,30-11-2024
2701,39,11-07-2023
2702,493,27-06-2023
2703,377,10-06-2024
2704,62,22-01-2024
2705,21,14-03-2024
2706,143,23-07-2024
2707,136,14-05-2023
2708,83,21-08-2024
2709,434,19-09-2023
2710,3,05-12-2023
2711,239,27-12-2024
2712,480,08-06-2023
2713,21,07-06-2023
2714,476,27-11-2023
2715,306,22-02-2023
2716,397,02-10-2024
2717,316,13-05-2025
2718,339,05-11-2023
2719,252,19-03-2025
2720,294,17-07-2024
2721,184,16-03-2023
2722,402,25-12-2024
2723,163,22-06-2024
2724,113,08-07-2023
2725,267,11-03-2023
2726,403,01-06-2024
2727,82,01-03-2024
2728,279,03-07-2024
2729,207,05-04-2023
2730,179,15-08-2023
2731,453,07-08-2023
2732,340,06-12-2023
2733,170,05-01-2024
2734,151,12-08-2023
2735,487,09-02-2025
2736,317,27-06-2024
2737,244,28-07-2024
2738,422,09-02-2025
2739,333,10-01-2023
2740,59,15-11-2024
2741,178,01-04-2024
2742,124,19-10-2024
2743,315,28-09-2024
2744,125,10-02-2023
2745,350,25-11-2023
2746,196,26-03-2025
2747,484,27-04-2023
2748,198,20-09-2023
2749,277,11-01-2025
2750,145,26-01-2023
2751,467,13-06-2024
2752,421,27-02-2025
2753,192,10-06-2024
2754,412,04-06-2024
2755,229,13-05-2024
2756,23,31-10-2023
2757,460,29-10-2024
2758,99,25-11-2023
2759,264,26-03-2023
2760,486,09-04-2023
2761,86,02-03-2025
2762,276,30-06-2024
2763,4,03-10-2024
2764,34,04-08-2023
2765,344,06-10-2024
2766,397,07-08-2023
2767,443,02-12-2024
2768,218,05-05-2025
2769,54,30-07-2023
2770,276,28-04-2025
2771,360,18-06-2025
2772,500,29-01-2025
2773,397,21-03-2024
2774,332,16-04-2025
2775,482,15-03-2023
2776,383,03-12-2024
2777,79,25-01-2023
2778,236,04-01-2025
2779,170,08-02-2023
2780,45,17-03-2023
2781,28,02-07-2023
2782,407,15-09-2023
2783,286,14-03-2023
2784,295,21-04-2025
2785,117,22-09-2023
2786,209,02-02-2024
2787,231,07-10-2024
2788,208,19-03-2024
2789,162,18-01-2023
2790,200,20-11-2024
2791,61,01-07-2024
2792,4,18-10-2024
2793,369,25-09-2024
2794,33,13-02-2025
2795,382,22-08-2024
2796,24,18-12-2024
2797,435,16-03-2023
2798,184,29-05-2024
2799,55,24-10-2023
2800,403,03-12-2024
2801,155,13-09-2024
2802,45,16-10-2023
2803,392,24-03-2024
2804,196,09-02-2024
2805,421,07-11-2024
2806,16,30-04-2024
2807,81,30-06-2024
2808,113,20-05-2023
2809,383,05-02-2024
2810,408,27-03-2025
2811,435,12-07-2024
2812,152,11-10-2024
2813,74,02-11-2023
2814,347,25-03-2025
2815,444,16-01-2025
2816,332,18-01-2024
2817,491,12-01-2023
2818,284,14-06-2025
2819,285,25-05-2023
2820,64,12-02-2023
2821,3,09-08-2024
2822,306,08-02-2024
2823,276,14-07-2024
2824,485,29-03-2023
2825,157,04-08-2023
2826,384,29-01-2025
2827,463,13-01-2025
2828,177,05-08-2023
2829,212,23-10-2024
2830,436,08-06-2024
2831,73,14-06-2023
2832,95,15-08-2023
2833,316,04-05-2025
2834,130,18-07-2023
2835,59,05-07-2023
2836,344,29-03-2025
2837,291,22-05-2025
2838,28,21-05-2025
2839,385,16-07-2024
2840,237,22-10-2024
2841,282,16-03-2023
2842,149,18-11-2024
2843,35,14-09-2023
2844,51,22-07-2023
2845,372,17-08-2024
2846,250,05-12-2023
2847,183,12-05-2023
2848,344,02-11-2024
2849,121,13-04-2023
2850,146,26-09-2024
2851,36,18-07-2023
2852,163,12-05-2024
2853,231,03-12-2023
2854,316,06-11-2024
2855,157,11-12-2024
2856,300,06-06-2023
2857,290,03-08-2024
2858,187,07-04-2025
2859,162,14-03-2024
2860,87,05-01-2023
2861,161,10-09-2023
2862,403,15-08-2023
2863,365,27-01-2025
2864,329,22-03-2024
2865,142,10-05-2025
2866,185,18-05-2023
2867,348,20-01-2025
2868,170,17-06-2025
2869,246,18-04-2024
2870,229,03-01-2024
2871,397,09-11-2023
2872,250,18-07-2024
2873,56,29-06-2023
2874,331,13-09-2024
2875,42,11-05-2025
2876,144,29-05-2025
2877,424,24-05-2023
2878,457,05-07-2024
2879,101,27-09-2023
2880,376,03-10-2024
2881,40,14-01-2025
2882,39,20-01-2023
2883,435,03-06-2024
2884,324,01-02-2023
2885,417,18-08-2024
2886,297,19-02-2024
2887,394,27-08-2024
2888,109,07-02-2023
2889,283,24-09-2023
2890,279,06-07-2024
2891,242,31-10-2024
2892,397,02-06-2023
2893,188,06-02-2024
2894,115,01-03-2025
2895,302,20-01-2025
2896,439,25-10-2023
2897,69,20-04-2024
2898,257,06-06-2024
2899,47,11-02-2024
2900,187,29-05-2024
2901,6,09-11-2024
2902,123,18-05-2025
2903,494,05-04-2025
2904,315,01-12-2024
2905,85,14-02-2025
2906,264,24-05-2023
2907,229,13-06-2023
2908,92,02-08-2024
2909,486,02-08-2024
2910,338,12-06-2025
2911,496,30-05-2023
2912,377,19-01-2025
2913,248,03-01-2024
2914,21,13-08-2023
2915,390,14-05-2024
2916,119,06-03-2023
2917,136,14-01-2024
2918,120,13-02-2023
2919,343,31-07-2023
2920,266,21-03-2025
2921,185,02-02-2024
2922,241,10-04-2024
2923,452,17-02-2023
2924,21,26-10-2024
2925,166,16-04-2023
2926,361,17-06-2024
2927,325,29-04-2025
2928,141,04-05-2025
2929,380,27-09-2023
2930,297,11-07-2024
2931,292,28-06-2023
2932,193,31-10-2024
2933,194,10-01-2024
2934,301,31-10-2024
2935,460,05-05-2025
2936,40,13-06-2024
2937,129,21-01-2024
2938,499,17-08-2023
2939,265,20-02-2024
2940,181,16-04-2025
2941,445,20-12-2023
2942,250,22-03-2025
2943,247,10-09-2024
2944,4,28-05-2024
2945,452,23-05-2023
2946,226,19-06-2023
2947,118,20-03-2023
2948,264,20-10-2024
2949,144,05-08-2023
2950,77,11-07-2023
2951,81,06-01-2024
2952,309,04-01-2025
2953,419,02-05-2023
2954,339,24-08-2023
2955,213,10-04-2025
2956,170,07-01-2025
2957,59,08-05-2024
2958,346,05-05-2024
2959,246,04-08-2023
2960,303,15-06-2023
2961,332,03-05-2025
2962,211,23-01-2023
2963,125,14-02-2023
2964,66,10-08-2024
2965,304,14-06-2023
2966,69,06-10-2024
2967,263,10-02-2023
2968,457,09-08-2024
2969,76,27-02-2023
2970,86,22-09-2023
2971,473,04-07-2023
2972,265,20-02-2024
2973,307,31-07-2024
2974,327,20-01-2023
2975,450,06-01-2025
2976,373,08-11-2024
2977,421,18-10-2023
2978,485,29-03-2023
2979,111,04-04-2024
2980,311,27-04-2024
2981,445,08-05-2024
2982,88,13-08-2023
2983,426,25-02-2024
2984,308,27-05-2023
2985,407,19-08-2024
2986,421,24-02-2025
2987,94,30-09-2024
2988,338,07-06-2024
2989,136,21-06-2023
2990,371,03-12-2024
2991,176,09-04-2024
2992,306,27-08-2024
2993,36,24-08-2023
2994,194,30-01-2024
2995,68,22-04-2023
2996,9,27-07-2023
2997,268,30-05-2025
2998,466,31-05-2024
2999,351,05-03-2024
3000,424,03-06-2023
3001,311,09-04-2023
3002,91,02-05-2024
3003,462,21-09-2024
3004,308,09-02-2023
3005,450,13-03-2025
3006,273,30-05-2024
3007,386,01-05-2023
3008,48,08-05-2024
3009,338,14-05-2023
3010,462,09-09-2024
3011,277,27-04-2025
3012,1,04-03-2025
3013,348,26-10-2024
3014,221,18-06-2024
3015,216,15-01-2024
3016,448,14-02-2023
3017,358,26-06-2024
3018,220,23-08-2023
3019,481,01-04-2025
3020,247,19-03-2025
3021,394,26-01-2024
3022,180,26-08-2024
3023,412,29-01-2025
3024,465,18-02-2025
3025,429,14-12-2024
3026,295,11-04-2023
3027,218,18-05-2023
3028,131,03-05-2024
3029,393,27-08-2023
3030,466,29-05-2025
3031,43,18-10-2023
3032,307,16-06-2025
3033,279,23-02-2024
3034,132,13-07-2023
3035,3,27-12-2024
3036,381,19-03-2025
3037,4,14-08-2024
3038,268,01-05-2023
3039,267,08-01-2023
3040,193,01-11-2024
3041,106,05-12-2024
3042,412,20-11-2023
3043,210,06-01-2024
3044,55,08-06-2023
3045,219,29-10-2024
3046,300,17-09-2023
3047,134,25-05-2025
3048,275,09-03-2024
3049,290,10-01-2024
3050,314,10-10-2023
3051,349,11-02-2024
3052,387,28-07-2023
3053,212,19-07-2024
3054,402,24-07-2024
3055,248,03-07-2023
3056,190,26-07-2024
3057,285,10-05-2024
3058,130,11-11-2023
3059,296,19-12-2023
3060,397,23-12-2024
3061,204,23-01-2025
3062,71,25-05-2025
3063,443,06-11-2024
3064,61,04-02-2025
3065,118,02-04-2024
3066,401,17-12-2024
3067,487,15-06-2023
3068,52,08-08-2023
3069,261,15-02-2024
3070,403,13-12-2023
3071,411,17-07-2024
3072,315,14-12-2024
3073,351,24-12-2024
3074,27,14-06-2023
3075,200,13-10-2024
3076,3,03-04-2025
3077,47,23-04-2025
3078,75,27-04-2024
3079,475,06-09-2024
3080,223,01-04-2023
3081,33,27-09-2023
3082,114,15-01-2024
3083,41,15-09-2024
3084,20,11-01-2025
3085,197,15-02-2024
3086,315,02-11-2024
3087,267,21-10-2023
3088,365,03-09-2024
3089,30,03-03-2025
3090,420,29-06-2023
3091,328,21-05-2024
3092,225,11-01-2023
3093,104,20-05-2025
3094,337,03-04-2025
3095,266,20-10-2023
3096,100,04-02-2023
3097,402,05-09-2024
3098,262,12-06-2024
3099,358,26-08-2023
3100,315,23-06-2023
3101,346,06-02-2023
3102,185,02-09-2023
3103,336,01-01-2023
3104,500,11-06-2023
3105,45,10-10-2023
3106,400,14-02-2024
3107,181,16-11-2024
3108,203,20-02-2024
3109,301,25-07-2023
3110,266,16-01-2023
3111,378,21-12-2024
3112,36,03-04-2023
3113,282,19-10-2023
3114,372,29-04-2025
3115,287,19-08-2024
3116,179,22-12-2023
3117,494,15-04-2025
3118,142,20-08-2023
3119,311,19-07-2023
3120,233,18-02-2024
3121,295,05-01-2023
3122,134,29-06-2023
3123,209,02-06-2024
3124,55,26-07-2024
3125,38,30-05-2024
3126,151,15-12-2023
3127,485,30-04-2023
3128,412,09-06-2024
3129,490,21-09-2023
3130,449,04-07-2024
3131,417,23-03-2025
3132,295,14-09-2023
3133,356,29-03-2024
3134,495,22-01-2024
3135,289,10-05-2024
3136,395,07-09-2023
3137,388,14-12-2023
3138,493,05-03-2025
3139,235,28-11-2024
3140,236,23-08-2024
3141,442,29-01-2023
3142,247,30-04-2023
3143,133,11-03-2023
3144,196,10-10-2024
3145,404,14-08-2023
3146,347,19-12-2024
3147,118,30-03-2025
3148,162,27-02-2024
3149,490,28-12-2023
3150,265,02-07-2024
3151,5,18-12-2024
3152,427,27-09-2023
3153,128,22-10-2023
3154,48,13-02-2024
3155,345,05-02-2025
3156,421,17-12-2023
3157,39,21-07-2024
3158,477,02-07-2023
3159,244,18-11-2023
3160,182,12-08-2023
3161,458,10-08-2024
3162,138,07-07-2023
3163,485,03-02-2025
3164,350,14-07-2023
3165,256,24-01-2025
3166,103,29-08-2023
3167,377,05-09-2023
3168,447,29-09-2023
3169,106,23-08-2023
3170,104,04-05-2025
3171,128,06-05-2025
3172,317,31-12-2023
3173,80,08-03-2025
3174,55,03-05-2023
3175,472,22-03-2023
3176,347,10-11-2024
3177,253,20-09-2024
3178,4,21-02-2025
3179,439,08-07-2024
3180,491,13-02-2023
3181,435,08-05-2024
3182,191,27-09-2024
3183,162,19-05-2024
3184,460,11-08-2024
3185,445,09-10-2023
3186,252,07-07-2023
3187,392,07-06-2024
3188,144,12-02-2024
3189,114,07-02-2025
3190,296,12-05-2023
3191,28,22-06-2024
3192,410,09-03-2024
3193,245,07-07-2024
3194,17,29-05-2024
3195,178,08-02-2024
3196,441,03-12-2024
3197,398,28-06-2023
3198,235,04-05-2023
3199,358,14-06-2024
3200,236,20-11-2023
3201,353,09-01-2023
3202,7,21-11-2024
3203,108,24-01-2024
3204,298,14-04-2023
3205,167,06-01-2024
3206,314,01-06-2025
3207,133,11-07-2023
3208,281,27-09-2023
3209,122,03-10-2023
3210,242,19-09-2024
3211,176,10-01-2024
3212,95,25-05-2024
3213,218,04-08-2023
3214,215,18-12-2024
3215,386,17-01-2024
3216,187,24-05-2025
3217,206,14-10-2023
3218,231,04-07-2023
3219,293,15-05-2023
3220,295,03-12-2024
3221,118,13-04-2025
3222,52,08-01-2025
3223,139,03-04-2025
3224,121,22-07-2024
3225,222,26-05-2025
3226,196,20-07-2023
3227,75,30-03-2025
3228,492,26-01-2025
3229,77,29-04-2024
3230,413,10-01-2023
3231,91,07-03-2024
3232,256,18-05-2023
3233,458,19-05-2025
3234,323,13-06-2024
3235,274,07-01-2025
3236,162,15-03-2025
3237,250,04-11-2023
3238,129,29-07-2024
3239,440,04-08-2024
3240,25,12-02-2024
3241,51,08-12-2024
3242,84,03-03-2023
3243,111,13-04-2025
3244,131,02-05-2024
3245,430,06-10-2024
3246,50,05-04-2024
3247,382,09-12-2023
3248,134,05-01-2024
3249,185,27-07-2024
3250,286,09-04-2025
3251,132,19-12-2023
3252,11,26-02-2024
3253,63,26-12-2023
3254,445,26-11-2024
3255,494,12-09-2024
3256,102,13-08-2024
3257,295,27-10-2024
3258,333,05-07-2024
3259,90,10-03-2025
3260,146,30-12-2023
3261,167,20-11-2024
3262,262,14-05-2024
3263,397,24-01-2025
3264,229,22-03-2023
3265,196,20-09-2024
3266,147,19-04-2024
3267,324,29-05-2023
3268,445,21-06-2023
3269,328,07-04-2025
3270,476,12-12-2023
3271,216,08-10-2024
3272,314,08-08-2024
3273,208,19-05-2025
3274,465,15-03-2023
3275,41,15-06-2023
3276,176,22-08-2023
3277,161,21-11-2023
3278,335,26-10-2023
3279,364,01-10-2023
3280,310,22-10-2024
3281,203,05-10-2023
3282,455,31-03-2024
3283,400,02-06-2025
3284,481,07-01-2024
3285,383,24-08-2024
3286,267,06-04-2024
3287,212,21-06-2023
3288,95,24-05-2025
3289,12,09-05-2023
3290,373,29-08-2023
3291,339,15-09-2023
3292,482,31-01-2025
3293,359,06-02-2025
3294,41,04-08-2023
3295,86,11-02-2024
3296,53,08-04-2023
3297,33,18-06-2025
3298,243,15-07-2024
3299,28,27-01-2023
3300,395,11-02-2024
3301,269,22-02-2025
3302,43,17-04-2023
3303,135,24-09-2024
3304,80,28-03-2023
3305,336,04-02-2024
3306,159,23-08-2023
3307,127,25-01-2025
3308,146,29-03-2024
3309,321,10-05-2023
3310,68,23-06-2024
3311,430,24-06-2023
3312,15,05-02-2023
3313,340,01-01-2024
3314,441,30-11-2023
3315,443,02-05-2024
3316,240,10-06-2025
3317,277,06-10-2023
3318,281,31-03-2024
3319,70,15-12-2024
3320,277,01-07-2023
3321,303,03-09-2024
3322,234,08-10-2024
3323,384,13-10-2024
3324,450,31-07-2024
3325,223,20-06-2024
3326,328,16-10-2024
3327,274,14-11-2023
3328,466,22-12-2023
3329,247,06-07-2024
3330,117,04-04-2025
3331,46,28-03-2024
3332,158,10-01-2024
3333,212,24-09-2023
3334,80,07-11-2023
3335,6,01-01-2023
3336,268,14-04-2025
3337,389,18-05-2025
3338,70,19-12-2023
3339,147,25-04-2024
3340,274,09-01-2023
3341,353,18-05-2024
3342,485,12-02-2025
3343,245,03-11-2023
3344,5,23-02-2025
3345,221,28-03-2025
3346,150,03-09-2024
3347,119,26-03-2025
3348,4,15-07-2024
3349,192,13-07-2023
3350,211,28-07-2024
3351,224,09-02-2024
3352,128,17-06-2023
3353,367,24-01-2025
3354,331,04-02-2024
3355,425,23-01-2024
3356,113,27-09-2023
3357,41,08-03-2024
3358,321,03-09-2023
3359,265,21-02-2025
3360,410,19-09-2024
3361,414,11-12-2024
3362,351,06-10-2023
3363,146,26-10-2024
3364,381,28-06-2024
3365,415,03-10-2023
3366,212,12-07-2023
3367,437,12-03-2023
3368,94,20-05-2023
3369,149,24-04-2023
3370,327,11-04-2024
3371,317,08-04-2024
3372,140,18-12-2024
3373,319,18-05-2024
3374,97,25-11-2023
3375,10,05-06-2023
3376,26,01-07-2024
3377,12,10-07-2023
3378,498,15-04-2023
3379,145,03-10-2023
3380,65,02-01-2025
3381,225,14-01-2025
3382,5,27-08-2023
3383,47,04-06-2023
3384,8,20-05-2024
3385,112,17-12-2023
3386,216,16-11-2023
3387,403,29-03-2025
3388,256,16-01-2024
3389,238,14-12-2024
3390,406,02-02-2023
3391,170,24-03-2023
3392,432,07-02-2025
3393,488,30-05-2023
3394,29,30-09-2023
3395,398,06-02-2024
3396,37,10-07-2024
3397,241,05-07-2023
3398,99,11-05-2025
3399,129,16-04-2025
3400,196,28-04-2025
3401,7,05-05-2023
3402,499,25-02-2025
3403,366,12-09-2023
3404,198,28-02-2025
3405,500,29-03-2024
3406,127,25-01-2025
3407,18,23-07-2023
3408,236,22-01-2025
3409,395,07-04-2023
3410,267,12-11-2024
3411,107,29-04-2024
3412,200,28-11-2024
3413,493,16-11-2023
3414,480,27-11-2023
3415,82,06-10-2024
3416,373,13-02-2023
3417,382,16-07-2024
3418,267,06-05-2023
3419,130,07-05-2024
3420,327,02-11-2023
3421,102,05-01-2024
3422,455,23-02-2023
3423,443,13-11-2024
3424,112,26-04-2023
3425,121,10-10-2024
3426,223,29-11-2023
3427,8,21-06-2023
3428,407,10-10-2023
3429,300,03-05-2023
3430,203,19-03-2025
3431,125,10-01-2023
3432,497,13-02-2023
3433,298,13-03-2025
3434,354,01-05-2024
3435,353,02-09-2024
3436,80,16-01-2024
3437,395,02-04-2023
3438,128,11-06-2023
3439,256,04-04-2023
3440,352,25-09-2024
3441,174,16-02-2025
3442,321,03-03-2023
3443,31,31-12-2023
3444,331,07-06-2023
3445,360,03-07-2024
3446,406,20-04-2023
3447,65,14-05-2024
3448,120,21-11-2023
3449,286,18-03-2025
3450,331,13-02-2025
3451,178,04-04-2025
3452,457,25-03-2024
3453,376,17-07-2023
3454,11,06-12-2024
3455,194,02-01-2024
3456,371,18-05-2023
3457,129,10-02-2023
3458,249,24-12-2024
3459,225,26-07-2024
3460,151,09-07-2024
3461,357,16-05-2024
3462,98,03-08-2024
3463,96,10-07-2024
3464,179,28-11-2023
3465,375,24-04-2024
3466,141,07-06-2025
3467,426,05-09-2024
3468,469,31-05-2025
3469,284,14-06-2023
3470,36,27-06-2024
3471,80,05-04-2024
3472,152,19-04-2025
3473,135,08-07-2024
3474,188,09-04-2024
3475,1,05-03-2025
3476,327,02-06-2024
3477,195,21-01-2025
3478,95,20-01-2023
3479,318,27-05-2025
3480,187,05-03-2025
3481,318,02-09-2023
3482,165,08-01-2025
3483,33,05-11-2024
3484,496,05-07-2024
3485,420,01-02-2024
3486,98,20-06-2024
3487,350,24-05-2024
3488,393,18-07-2024
3489,79,19-09-2024
3490,145,27-11-2023
3491,210,18-10-2024
3492,165,24-04-2023
3493,50,19-06-2024
3494,338,10-03-2023
3495,23,05-05-2025
3496,481,13-05-2023
3497,92,13-06-2025
3498,17,26-07-2023
3499,55,12-05-2024
3500,99,12-04-2023
3501,17,07-08-2024
3502,329,06-05-2025
3503,199,04-11-2024
3504,251,22-06-2024
3505,320,19-12-2024
3506,303,20-09-2023
3507,26,11-01-2024
3508,114,12-09-2024
3509,368,14-03-2023
3510,7,02-08-2023
3511,336,18-05-2024
3512,476,02-05-2025
3513,41,24-04-2024
3514,411,16-10-2024
3515,32,05-01-2024
3516,286,31-01-2025
3517,481,01-03-2024
3518,421,13-01-2024
3519,407,26-12-2024
3520,30,23-04-2025
3521,316,30-09-2023
3522,271,11-02-2023
3523,376,14-03-2023
3524,428,08-11-2023
3525,40,10-08-2023
3526,492,15-06-2024
3527,50,14-04-2023
3528,372,25-08-2023
3529,273,30-01-2024
3530,98,17-07-2023
3531,270,03-11-2024
3532,128,06-08-2024
3533,321,03-07-2023
3534,286,06-02-2025
3535,286,01-03-2024
3536,383,19-04-2023
3537,393,15-10-2024
3538,296,02-01-2024
3539,346,14-04-2024
3540,360,12-11-2024
3541,219,17-04-2023
3542,86,22-03-2025
3543,93,17-07-2024
3544,206,31-05-2024
3545,173,04-11-2024
3546,81,30-06-2024
3547,308,29-03-2024
3548,478,27-12-2023
3549,463,19-11-2023
3550,282,29-11-2023
3551,433,16-01-2024
3552,212,21-02-2025
3553,325,16-03-2024
3554,423,13-01-2025
3555,166,15-09-2024
3556,124,30-07-2024
3557,280,08-08-2023
3558,193,23-02-2025
3559,282,01-02-2025
3560,131,04-01-2024
3561,493,08-04-2024
3562,230,11-02-2024
3563,1,13-01-2025
3564,18,19-10-2023
3565,306,17-01-2023
3566,266,19-05-2023
3567,456,06-11-2023
3568,4,04-11-2023
3569,114,08-08-2023
3570,439,19-11-2023
3571,12,01-03-2025
3572,421,07-12-2024
3573,422,10-10-2023
3574,471,20-07-2024
3575,262,23-07-2024
3576,293,08-08-2024
3577,80,07-04-2023
3578,20,16-04-2024
3579,183,09-06-2023
3580,71,29-09-2023
3581,188,19-08-2024
3582,128,27-08-2023
3583,132,10-04-2025
3584,154,05-04-2023
3585,293,14-02-2024
3586,292,11-08-2023
3587,376,21-03-2023
3588,371,29-11-2023
3589,406,09-05-2024
3590,89,14-05-2024
3591,423,07-12-2024
3592,360,13-08-2024
3593,420,08-04-2023
3594,305,19-10-2024
3595,154,08-02-2023
3596,375,07-04-2025
3597,296,26-01-2024
3598,41,09-03-2025
3599,29,28-02-2025
3600,172,23-12-2023
3601,451,16-04-2025
3602,223,02-03-2024
3603,477,07-06-2025
3604,62,09-06-2025
3605,395,21-08-2023
3606,383,30-10-2024
3607,435,08-09-2024
3608,476,12-01-2023
3609,325,07-03-2025
3610,324,27-01-2024
3611,28,09-11-2023
3612,269,12-02-2023
3613,164,06-07-2024
3614,290,03-06-2023
3615,168,29-05-2024
3616,358,15-08-2023
3617,79,21-02-2023
3618,345,19-01-2025
3619,202,01-04-2024
3620,386,01-09-2024
3621,295,31-05-2024
3622,47,16-08-2023
3623,222,24-10-2023
3624,403,08-02-2024
3625,76,16-05-2023
3626,173,26-03-2023
3627,244,08-08-2024
3628,382,20-02-2023
3629,281,13-02-2024
3630,135,29-03-2023
3631,205,28-05-2024
3632,223,03-03-2025
3633,358,14-05-2023
3634,391,19-05-2023
3635,247,26-07-2024
3636,102,14-05-2024
3637,203,29-10-2024
3638,293,20-07-2023
3639,288,22-09-2024
3640,377,20-06-2024
3641,127,06-09-2023
3642,37,30-09-2023
3643,398,16-03-2024
3644,166,02-12-2024
3645,474,12-08-2024
3646,46,26-04-2023
3647,344,28-02-2024
3648,217,10-01-2024
3649,179,15-07-2023
3650,165,19-12-2023
3651,305,02-11-2024
3652,13,27-02-2025
3653,157,23-06-2023
3654,180,23-09-2024
3655,421,02-04-2025
3656,227,30-09-2024
3657,75,27-03-2024
3658,23,17-04-2025
3659,120,24-07-2023
3660,351,18-01-2024
3661,80,14-02-2025
3662,373,23-05-2025
3663,44,26-04-2023
3664,379,25-02-2023
3665,125,27-09-2024
3666,475,01-06-2023
3667,445,02-05-2025
3668,420,22-10-2023
3669,8,18-12-2023
3670,356,03-04-2025
3671,57,09-11-2023
3672,231,27-04-2024
3673,12,06-12-2023
3674,108,27-01-2025
3675,276,05-08-2023
3676,105,13-07-2024
3677,268,07-02-2025
3678,133,15-07-2024
3679,248,29-09-2024
3680,374,25-05-2023
3681,356,16-12-2024
3682,343,19-01-2023
3683,193,19-08-2024
3684,464,10-11-2024
3685,270,14-02-2023
3686,131,24-06-2023
3687,31,18-10-2023
3688,103,19-03-2025
3689,357,24-09-2024
3690,139,24-02-2023
3691,239,01-11-2024
3692,484,09-01-2023
3693,35,02-02-2024
3694,339,05-10-2023
3695,340,22-05-2025
3696,468,06-11-2024
3697,185,04-06-2025
3698,56,20-01-2023
3699,150,07-06-2025
3700,453,26-10-2024
3701,198,25-08-2023
3702,195,04-06-2024
3703,364,12-04-2023
3704,463,20-11-2023
3705,249,06-06-2025
3706,306,28-06-2024
3707,46,10-07-2023
3708,102,27-05-2024
3709,495,13-04-2024
3710,288,30-12-2024
3711,12,10-02-2023
3712,127,26-06-2024
3713,157,08-12-2023
3714,251,07-02-2024
3715,382,10-06-2023
3716,10,22-12-2023
3717,351,27-12-2023
3718,182,02-10-2024
3719,155,30-08-2023
3720,257,10-10-2023
3721,416,05-03-2023
3722,321,21-09-2023
3723,450,01-02-2024
3724,456,14-04-2025
3725,16,22-07-2024
3726,486,14-10-2023
3727,116,05-06-2023
3728,175,07-02-2024
3729,337,21-05-2023
3730,45,17-01-2025
3731,196,17-06-2024
3732,492,25-11-2024
3733,314,12-06-2025
3734,321,03-12-2024
3735,117,03-03-2024
3736,124,09-08-2024
3737,79,12-03-2024
3738,497,16-11-2023
3739,466,11-09-2024
3740,169,04-04-2024
3741,278,15-05-2023
3742,106,30-10-2024
3743,71,17-08-2024
3744,278,01-12-2024
3745,410,27-07-2023
3746,442,22-05-2023
3747,159,06-12-2024
3748,362,20-06-2024
3749,466,19-05-2023
3750,221,27-02-2025
3751,75,02-11-2024
3752,478,01-08-2024
3753,470,11-06-2023
3754,163,11-03-2023
3755,286,29-06-2024
3756,486,06-01-2025
3757,61,08-07-2023
3758,163,09-05-2025
3759,451,30-05-2023
3760,373,31-01-2023
3761,392,23-11-2023
3762,451,28-02-2024
3763,493,26-02-2024
3764,156,29-03-2024
3765,382,21-04-2025
3766,458,14-10-2024
3767,478,26-01-2025
3768,141,05-06-2023
3769,399,12-07-2023
3770,55,15-05-2023
3771,95,27-01-2023
3772,391,18-09-2024
3773,316,01-10-2023
3774,311,03-08-2024
3775,314,25-08-2023
3776,306,26-08-2023
3777,119,04-12-2024
3778,14,03-01-2024
3779,41,05-12-2024
3780,400,03-05-2024
3781,69,29-05-2024
3782,434,11-09-2024
3783,241,30-12-2024
3784,333,18-01-2024
3785,95,22-05-2025
3786,199,18-05-2024
3787,243,21-05-2023
3788,84,17-07-2023
3789,116,03-02-2023
3790,210,21-02-2025
3791,497,16-01-2023
3792,474,04-10-2023
3793,487,27-02-2024
3794,114,30-01-2025
3795,344,27-07-2023
3796,388,29-07-2023
3797,34,01-07-2023
3798,475,25-03-2024
3799,444,23-09-2024
3800,251,05-12-2024
3801,167,06-06-2025
3802,235,10-09-2023
3803,219,19-02-2024
3804,398,12-02-2023
3805,312,22-01-2025
3806,423,25-01-2024
3807,369,17-11-2023
3808,202,18-09-2024
3809,481,30-01-2025
3810,293,31-08-2024
3811,275,21-06-2024
3812,329,15-06-2025
3813,361,16-03-2025
3814,20,17-06-2024
3815,56,07-04-2024
3816,234,26-04-2025
3817,450,13-02-2023
3818,450,09-09-2023
3819,266,04-07-2024
3820,203,22-01-2025
3821,21,25-07-2024
3822,199,12-06-2024
3823,392,07-10-2024
3824,493,20-02-2023
3825,98,26-10-2023
3826,226,12-02-2024
3827,453,08-11-2023
3828,397,27-04-2025
3829,147,17-04-2024
3830,86,08-03-2024
3831,151,19-09-2024
3832,471,25-02-2023
3833,354,13-06-2024
3834,463,26-05-2023
3835,238,29-04-2025
3836,331,07-04-2024
3837,47,09-01-2025
3838,257,26-04-2023
3839,93,08-03-2025
3840,300,13-12-2024
3841,280,19-05-2023
3842,202,28-02-2024
3843,166,06-04-2024
3844,13,03-07-2023
3845,233,27-08-2024
3846,460,30-12-2024
3847,459,26-07-2023
3848,452,10-04-2024
3849,47,14-09-2023
3850,166,09-12-2024
3851,333,29-12-2024
3852,408,17-06-2023
3853,368,20-01-2025
3854,64,04-04-2023
3855,59,24-12-2024
3856,231,11-10-2024
3857,186,29-03-2023
3858,269,25-12-2024
3859,197,14-01-2025
3860,406,07-06-2024
3861,314,13-06-2023
3862,194,17-07-2024
3863,195,14-02-2023
3864,394,24-06-2023
3865,468,10-12-2023
3866,290,11-06-2025
3867,338,02-06-2025
3868,77,16-06-2023
3869,445,29-05-2023
3870,92,26-02-2025
3871,365,22-02-2023
3872,215,12-11-2023
3873,159,17-01-2025
3874,394,01-04-2024
3875,148,03-10-2024
3876,93,01-05-2023
3877,461,15-05-2023
3878,492,27-07-2023
3879,2,29-09-2024
3880,392,17-09-2023
3881,7,14-04-2024
3882,255,25-05-2025
3883,256,10-07-2024
3884,414,06-01-2023
3885,312,20-05-2024
3886,122,11-08-2023
3887,302,06-11-2024
3888,244,09-04-2024
3889,210,28-03-2024
3890,41,07-09-2024
3891,308,07-01-2023
3892,126,14-07-2024
3893,143,26-09-2024
3894,322,24-07-2024
3895,420,25-04-2025
3896,107,20-02-2023
3897,95,01-06-2023
3898,29,30-10-2024
3899,179,07-02-2023
3900,75,24-05-2025
3901,17,14-11-2024
3902,296,08-05-2025
3903,309,02-11-2023
3904,170,31-03-2023
3905,26,22-04-2023
3906,214,02-07-2023
3907,83,19-11-2024
3908,146,17-09-2024
3909,339,09-12-2024
3910,359,01-09-2024
3911,294,17-03-2025
3912,288,01-07-2023
3913,495,11-04-2024
3914,384,15-08-2024
3915,185,06-02-2023
3916,48,25-02-2025
3917,154,27-11-2023
3918,189,24-01-2024
3919,420,11-03-2023
3920,389,13-03-2024
3921,432,17-07-2024
3922,34,27-10-2023
3923,242,18-05-2023
3924,63,12-12-2024
3925,441,09-10-2023
3926,169,23-06-2024
3927,212,21-06-2024
3928,108,13-12-2024
3929,108,18-09-2024
3930,30,22-04-2023
3931,293,17-01-2025
3932,323,25-06-2024
3933,45,10-05-2024
3934,371,06-12-2024
3935,310,18-03-2025
3936,362,22-10-2023
3937,219,15-09-2024
3938,435,21-11-2023
3939,133,22-06-2024
3940,295,30-09-2024
3941,182,13-05-2023
3942,315,30-07-2024
3943,255,16-06-2024
3944,374,09-10-2024
3945,255,19-05-2024
3946,414,04-07-2023
3947,453,16-09-2024
3948,120,26-12-2024
3949,149,18-07-2023
3950,1,02-05-2023
3951,13,21-04-2024
3952,321,26-03-2025
3953,61,25-01-2025
3954,435,01-08-2023
3955,410,22-09-2024
3956,213,28-02-2024
3957,24,08-12-2023
3958,180,27-07-2024
3959,413,14-10-2024
3960,109,12-01-2023
3961,328,26-07-2023
3962,354,16-10-2023
3963,131,20-03-2025
3964,35,12-11-2023
3965,154,02-06-2024
3966,282,28-11-2023
3967,393,07-01-2023
3968,59,03-12-2024
3969,171,16-12-2023
3970,203,11-01-2025
3971,292,22-09-2024
3972,492,30-01-2023
3973,427,29-06-2023
3974,100,05-12-2023
3975,427,13-12-2023
3976,473,19-11-2024
3977,246,30-04-2024
3978,409,06-02-2023
3979,331,20-05-2023
3980,247,09-06-2023
3981,322,16-04-2024
3982,457,04-06-2025
3983,275,10-12-2023
3984,237,13-03-2025
3985,417,28-02-2024
3986,476,30-01-2025
3987,29,05-05-2025
3988,267,03-11-2023
3989,290,12-01-2025
3990,348,20-11-2023
3991,285,02-07-2024
3992,10,02-08-2023
3993,296,02-12-2024
3994,170,29-03-2025
3995,470,25-03-2025
3996,182,09-03-2023
3997,497,02-06-2023
3998,144,10-05-2025
3999,16,14-12-2023
4000,193,03-10-2024
4001,274,12-05-2025
4002,85,07-08-2024
4003,311,03-02-2024
4004,96,01-09-2024
4005,60,04-06-2025
4006,401,08-02-2025
4007,158,23-12-2024
4008,440,19-11-2023
4009,364,02-02-2023
4010,140,28-02-2024
4011,45,23-05-2024
4012,450,01-09-2023
4013,191,07-04-2024
4014,425,06-11-2023
4015,111,21-06-2024
4016,155,29-06-2023
4017,58,19-01-2024
4018,402,08-02-2023
4019,399,26-07-2023
4020,468,05-04-2023
4021,228,02-06-2024
4022,13,29-03-2025
4023,248,27-05-2024
4024,79,14-07-2023
4025,175,10-05-2024
4026,376,13-06-2025
4027,269,14-11-2023
4028,398,02-12-2023
4029,74,26-02-2025
4030,447,11-04-2023
4031,421,12-06-2024
4032,347,16-05-2023
4033,106,11-01-2025
4034,19,15-04-2024
4035,199,31-12-2024
4036,443,18-06-2024
4037,60,05-01-2023
4038,160,15-02-2023
4039,352,18-05-2025
4040,305,11-06-2025
4041,45,08-12-2023
4042,240,17-02-2023
4043,53,17-06-2024
4044,393,05-11-2024
4045,382,16-11-2023
4046,12,14-08-2024
4047,389,16-11-2023
4048,328,03-08-2023
4049,165,25-07-2023
4050,99,21-10-2023
4051,142,29-06-2024
4052,164,02-03-2025
4053,226,18-11-2024
4054,61,07-10-2023
4055,77,11-06-2023
4056,141,28-04-2023
4057,8,29-09-2024
4058,287,10-06-2024
4059,53,31-07-2023
4060,278,25-12-2023
4061,282,23-11-2023
4062,139,25-05-2023
4063,483,22-12-2024
4064,412,18-10-2023
4065,294,08-09-2023
4066,88,14-03-2023
4067,160,19-09-2024
4068,457,13-12-2023
4069,277,30-03-2024
4070,26,14-05-2023
4071,15,27-04-2024
4072,463,22-11-2024
4073,26,19-04-2023
4074,197,25-02-2023
4075,45,12-03-2024
4076,201,03-07-2023
4077,361,02-09-2024
4078,457,29-08-2024
4079,323,06-05-2025
4080,354,17-12-2024
4081,229,23-09-2024
4082,183,16-11-2023
4083,171,17-04-2025
4084,102,31-12-2024
4085,389,17-11-2024
4086,415,30-06-2024
4087,41,12-02-2025
4088,392,21-04-2024
4089,291,15-05-2023
4090,48,12-04-2025
4091,411,16-12-2024
4092,240,10-04-2023
4093,234,14-11-2023
4094,351,21-10-2024
4095,364,23-02-2025
4096,239,26-04-2024
4097,119,18-08-2023
4098,74,31-05-2025
4099,459,23-09-2024
4100,133,08-01-2024
4101,201,07-07-2023
4102,359,12-11-2024
4103,170,18-03-2025
4104,441,29-11-2023
4105,233,14-05-2024
4106,16,08-03-2023
4107,244,26-04-2023
4108,180,05-05-2024
4109,237,16-05-2025
4110,88,17-10-2023
4111,394,23-12-2023
4112,310,11-08-2024
4113,66,04-06-2024
4114,53,20-02-2024
4115,419,01-01-2025
4116,408,20-04-2023
4117,167,23-07-2024
4118,333,14-03-2023
4119,406,06-11-2023
4120,273,17-04-2024
4121,206,27-08-2024
4122,212,02-09-2023
4123,318,07-09-2023
4124,281,12-06-2023
4125,499,08-05-2024
4126,197,09-03-2023
4127,175,02-08-2023
4128,417,11-12-2024
4129,303,17-03-2024
4130,402,21-03-2024
4131,291,17-03-2025
4132,176,11-07-2024
4133,356,30-08-2023
4134,89,09-11-2024
4135,343,21-03-2023
4136,379,29-12-2024
4137,294,06-05-2025
4138,250,28-04-2023
4139,304,02-09-2024
4140,238,30-11-2023
4141,285,10-04-2023
4142,421,31-03-2024
4143,91,12-11-2023
4144,490,20-02-2024
4145,36,04-09-2024
4146,56,02-12-2024
4147,417,02-09-2024
4148,395,19-04-2025
4149,195,02-12-2023
4150,254,22-10-2024
4151,339,04-03-2023
4152,47,11-08-2023
4153,419,23-05-2023
4154,455,17-08-2024
4155,463,12-02-2025
4156,326,09-04-2025
4157,1,14-02-2025
4158,76,07-11-2024
4159,77,08-04-2024
4160,273,26-10-2023
4161,200,22-09-2024
4162,296,02-04-2024
4163,101,30-07-2023
4164,349,17-06-2025
4165,163,03-11-2023
4166,292,24-03-2025
4167,468,26-11-2024
4168,156,21-03-2024
4169,368,19-12-2023
4170,46,19-08-2024
4171,5,18-09-2024
4172,262,18-02-2024
4173,434,11-05-2023
4174,437,29-10-2023
4175,32,14-01-2024
4176,462,16-07-2024
4177,496,24-02-2023
4178,1,21-12-2024
4179,287,20-04-2025
4180,184,23-04-2023
4181,441,16-10-2023
4182,444,01-02-2023
4183,121,18-03-2024
4184,360,27-08-2024
4185,202,02-10-2024
4186,163,29-12-2024
4187,196,20-02-2024
4188,196,21-03-2024
4189,280,05-08-2023
4190,340,27-06-2023
4191,244,23-05-2023
4192,97,22-07-2024
4193,197,13-05-2025
4194,474,04-01-2024
4195,431,03-03-2024
4196,79,23-10-2023
4197,447,17-11-2024
4198,65,18-05-2023
4199,6,15-03-2023
4200,332,17-01-2023
4201,74,08-01-2025
4202,454,13-05-2024
4203,337,23-03-2024
4204,500,20-05-2023
4205,44,21-05-2023
4206,329,05-04-2025
4207,213,30-05-2025
4208,234,18-03-2025
4209,357,10-09-2024
4210,477,11-03-2024
4211,320,04-07-2023
4212,233,05-06-2024
4213,218,19-07-2024
4214,420,05-04-2024
4215,197,30-12-2023
4216,116,10-07-2023
4217,218,11-09-2024
4218,4,14-08-2024
4219,256,17-05-2025
4220,375,31-08-2023
4221,365,28-05-2024
4222,138,25-02-2024
4223,475,13-07-2024
4224,296,11-01-2024
4225,18,08-02-2023
4226,291,09-05-2024
4227,361,13-01-2024
4228,58,17-08-2024
4229,247,08-12-2024
4230,41,26-05-2023
4231,374,18-01-2025
4232,270,29-05-2025
4233,385,08-03-2025
4234,144,21-04-2024
4235,265,22-03-2023
4236,268,16-09-2024
4237,46,09-09-2023
4238,242,07-10-2024
4239,380,10-11-2024
4240,492,15-11-2024
4241,40,01-12-2024
4242,325,06-07-2024
4243,409,16-08-2024
4244,160,19-09-2024
4245,28,18-12-2023
4246,274,08-03-2025
4247,6,25-04-2024
4248,233,08-06-2024
4249,464,25-04-2024
4250,294,21-01-2025
4251,170,07-03-2024
4252,181,28-03-2025
4253,151,24-10-2023
4254,86,06-02-2023
4255,356,03-09-2024
4256,384,08-11-2023
4257,373,14-03-2025
4258,289,24-09-2023
4259,32,06-10-2024
4260,243,15-08-2024
4261,87,09-08-2024
4262,27,03-11-2024
4263,150,08-04-2025
4264,378,01-10-2024
4265,14,21-10-2023
4266,249,26-03-2023
4267,65,01-06-2024
4268,40,21-05-2025
4269,402,12-10-2023
4270,130,16-05-2023
4271,316,15-10-2023
4272,141,28-05-2025
4273,132,15-01-2023
4274,380,25-04-2023
4275,310,28-06-2023
4276,466,28-08-2024
4277,379,04-06-2023
4278,338,02-04-2024
4279,190,07-04-2025
4280,90,25-09-2023
4281,401,18-12-2024
4282,121,11-05-2024
4283,93,29-03-2025
4284,271,01-06-2025
4285,17,18-12-2023
4286,44,29-05-2023
4287,305,21-04-2025
4288,79,07-05-2025
4289,254,09-02-2025
4290,212,27-02-2025
4291,197,01-09-2023
4292,339,26-03-2024
4293,372,14-10-2024
4294,86,04-08-2023
4295,296,21-01-2025
4296,432,20-12-2023
4297,28,19-10-2024
4298,136,12-02-2025
4299,420,29-04-2023
4300,27,21-06-2023
4301,238,13-02-2024
4302,244,05-11-2023
4303,244,03-02-2025
4304,486,09-02-2025
4305,473,29-06-2024
4306,120,24-01-2024
4307,350,23-12-2024
4308,200,30-04-2024
4309,135,29-05-2023
4310,272,10-06-2025
4311,223,13-01-2023
4312,148,27-03-2025
4313,230,27-01-2024
4314,348,20-11-2023
4315,493,26-06-2024
4316,350,12-02-2023
4317,50,28-06-2024
4318,327,29-12-2023
4319,490,14-05-2025
4320,222,17-09-2024
4321,471,29-10-2024
4322,440,07-10-2023
4323,172,04-10-2023
4324,137,01-04-2025
4325,51,19-09-2023
4326,336,21-08-2024
4327,201,17-04-2024
4328,396,22-11-2024
4329,384,05-09-2023
4330,376,19-11-2024
4331,302,27-02-2025
4332,100,16-06-2024
4333,173,24-11-2024
4334,354,04-07-2023
4335,161,14-07-2024
4336,6,19-11-2024
4337,5,01-05-2025
4338,35,13-01-2023
4339,211,11-04-2023
4340,269,17-04-2023
4341,351,01-04-2024
4342,180,13-08-2023
4343,372,18-10-2023
4344,129,17-07-2023
4345,18,25-01-2023
4346,318,05-04-2023
4347,30,31-08-2024
4348,337,05-05-2025
4349,112,05-09-2024
4350,327,05-05-2023
4351,363,03-05-2023
4352,45,26-05-2025
4353,310,14-05-2023
4354,193,03-11-2024
4355,392,25-10-2024
4356,290,02-04-2025
4357,496,09-07-2023
4358,459,24-04-2023
4359,357,08-07-2023
4360,130,29-10-2023
4361,240,07-11-2024
4362,480,19-03-2023
4363,328,09-04-2024
4364,473,11-10-2023
4365,394,13-03-2024
4366,355,14-11-2024
4367,395,27-02-2025
4368,166,21-09-2023
4369,83,10-03-2025
4370,38,11-10-2023
4371,398,05-03-2023
4372,196,02-02-2024
4373,171,03-03-2023
4374,133,12-04-2025
4375,136,02-07-2023
4376,226,13-03-2023
4377,252,25-07-2023
4378,313,07-02-2024
4379,92,22-10-2024
4380,252,22-04-2023
4381,74,07-07-2024
4382,394,17-03-2024
4383,112,20-09-2024
4384,330,19-04-2023
4385,468,28-03-2024
4386,367,23-09-2023
4387,53,05-02-2023
4388,38,14-03-2023
4389,293,15-01-2025
4390,129,06-03-2025
4391,229,20-01-2023
4392,460,24-05-2024
4393,77,30-10-2024
4394,328,01-01-2023
4395,478,08-02-2023
4396,341,04-02-2024
4397,137,05-06-2023
4398,359,04-12-2023
4399,464,05-02-2024
4400,295,04-01-2023
4401,264,25-12-2024
4402,482,28-02-2025
4403,252,04-05-2024
4404,224,18-02-2024
4405,433,15-01-2025
4406,400,11-04-2025
4407,403,13-03-2023
4408,277,20-08-2023
4409,2,29-01-2024
4410,489,06-12-2024
4411,419,09-03-2025
4412,247,05-05-2023
4413,291,02-07-2024
4414,479,03-01-2024
4415,171,29-11-2024
4416,156,15-02-2024
4417,29,09-10-2024
4418,491,24-10-2024
4419,47,10-01-2024
4420,274,23-05-2025
4421,492,15-12-2023
4422,42,11-05-2025
4423,236,17-02-2025
4424,393,24-10-2023
4425,332,27-07-2023
4426,91,21-07-2024
4427,21,29-01-2024
4428,339,15-07-2023
4429,154,13-12-2024
4430,200,20-04-2023
4431,323,06-12-2024
4432,184,13-05-2024
4433,44,09-10-2024
4434,225,22-01-2025
4435,98,24-05-2023
4436,19,17-07-2023
4437,13,07-01-2025
4438,304,02-09-2023
4439,251,03-02-2024
4440,33,22-03-2025
4441,277,20-10-2024
4442,158,26-05-2024
4443,274,04-05-2025
4444,416,05-04-2024
4445,495,17-01-2023
4446,19,14-12-2023
4447,29,12-12-2023
4448,404,08-01-2025
4449,22,20-02-2024
4450,61,05-08-2023
4451,414,31-10-2024
4452,342,19-06-2024
4453,235,25-11-2024
4454,446,14-06-2025
4455,275,02-06-2023
4456,380,16-08-2024
4457,120,15-03-2023
4458,19,23-01-2025
4459,73,15-05-2024
4460,335,20-01-2023
4461,242,25-09-2024
4462,24,06-09-2023
4463,360,26-10-2024
4464,67,15-01-2023
4465,89,09-10-2024
4466,26,11-11-2023
4467,421,23-03-2025
4468,50,12-04-2024
4469,313,24-06-2023
4470,428,28-08-2024
4471,33,17-04-2025
4472,419,19-04-2023
4473,59,24-05-2024
4474,305,29-03-2025
4475,316,14-08-2023
4476,33,03-04-2025
4477,104,12-03-2024
4478,173,10-04-2025
4479,428,25-01-2025
4480,348,16-02-2024
4481,167,04-05-2023
4482,500,01-12-2024
4483,295,12-07-2024
4484,71,26-11-2023
4485,429,23-03-2025
4486,110,21-02-2025
4487,24,30-08-2024
4488,89,10-12-2023
4489,33,04-05-2023
4490,141,25-05-2023
4491,388,01-03-2024
4492,87,14-12-2024
4493,190,20-07-2024
4494,85,25-03-2024
4495,125,18-08-2024
4496,21,17-05-2023
4497,52,21-03-2025
4498,434,09-10-2024
4499,314,21-01-2024
4500,399,11-06-2023
4501,9,19-06-2025
4502,250,24-03-2023
4503,4,08-01-2023
4504,92,02-04-2023
4505,362,29-10-2024
4506,304,18-10-2023
4507,214,11-12-2024
4508,414,22-03-2025
4509,396,02-05-2024
4510,355,10-05-2023
4511,106,27-05-2023
4512,328,05-10-2023
4513,268,06-04-2024
4514,211,02-09-2023
4515,481,28-06-2023
4516,313,09-12-2024
4517,20,02-09-2024
4518,93,04-01-2025
4519,256,18-09-2024
4520,487,01-04-2023
4521,322,26-04-2025
4522,401,05-11-2023
4523,179,04-03-2024
4524,3,25-07-2024
4525,121,16-07-2023
4526,61,26-06-2024
4527,49,25-09-2024
4528,186,02-06-2025
4529,390,06-07-2024
4530,260,13-08-2023
4531,238,27-02-2025
4532,321,06-11-2024
4533,107,11-10-2023
4534,28,18-07-2023
4535,58,26-03-2025
4536,77,02-12-2024
4537,433,30-04-2024
4538,255,30-06-2023
4539,82,17-11-2024
4540,473,14-02-2023
4541,28,22-10-2024
4542,187,19-10-2023
4543,108,21-03-2024
4544,129,09-12-2023
4545,316,04-04-2025
4546,456,15-02-2025
4547,233,14-02-2023
4548,54,28-01-2025
4549,27,04-07-2024
4550,91,11-06-2023
4551,403,30-01-2023
4552,249,11-06-2024
4553,60,14-03-2023
4554,459,29-08-2023
4555,370,31-03-2024
4556,304,16-08-2024
4557,167,05-03-2024
4558,102,04-02-2025
4559,347,30-11-2023
4560,118,08-03-2025
4561,57,30-11-2023
4562,117,11-04-2023
4563,122,25-01-2025
4564,212,09-06-2025
4565,103,20-01-2024
4566,457,14-08-2023
4567,38,27-04-2024
4568,300,11-05-2024
4569,28,22-03-2024
4570,75,10-08-2023
4571,476,16-09-2024
4572,233,02-07-2023
4573,199,18-01-2024
4574,70,13-04-2024
4575,369,18-07-2023
4576,324,03-01-2024
4577,500,04-10-2023
4578,104,10-12-2023
4579,66,02-02-2023
4580,355,05-08-2024
4581,31,15-10-2023
4582,70,24-04-2023
4583,437,21-04-2024
4584,235,04-03-2024
4585,88,17-02-2025
4586,176,14-08-2023
4587,454,30-10-2023
4588,310,10-06-2023
4589,405,24-03-2025
4590,327,18-09-2024
4591,464,24-06-2023
4592,296,20-07-2024
4593,438,24-08-2023
4594,45,26-02-2024
4595,439,18-06-2024
4596,251,01-06-2025
4597,111,28-08-2024
4598,243,07-05-2025
4599,237,13-10-2023
4600,8,17-01-2025
4601,220,23-01-2025
4602,447,10-09-2023
4603,127,02-12-2023
4604,223,16-08-2024
4605,114,28-08-2024
4606,485,02-06-2023
4607,468,10-08-2024
4608,460,06-01-2023
4609,214,15-02-2023
4610,21,26-04-2024
4611,376,26-02-2025
4612,259,04-02-2023
4613,218,27-06-2024
4614,202,05-05-2024
4615,415,28-03-2025
4616,357,21-04-2025
4617,51,08-04-2024
4618,254,04-09-2023
4619,43,25-07-2024
4620,386,13-01-2023
4621,355,19-01-2025
4622,209,12-08-2023
4623,68,03-01-2024
4624,152,02-09-2023
4625,332,03-04-2023
4626,9,06-05-2024
4627,343,09-11-2023
4628,83,21-12-2024
4629,236,28-05-2025
4630,293,04-02-2025
4631,299,25-01-2023
4632,500,10-04-2024
4633,238,01-03-2025
4634,71,14-06-2025
4635,361,20-02-2024
4636,95,19-03-2025
4637,447,15-01-2024
4638,321,20-04-2024
4639,361,10-10-2024
4640,1,31-05-2025
4641,322,14-03-2023
4642,198,08-12-2024
4643,171,27-06-2024
4644,17,31-10-2023
4645,219,09-02-2025
4646,139,15-12-2024
4647,485,19-09-2024
4648,278,12-08-2024
4649,407,01-08-2023
4650,404,02-12-2024
4651,42,27-09-2024
4652,451,10-12-2023
4653,377,26-02-2023
4654,264,21-11-2024
4655,187,22-02-2023
4656,57,28-01-2024
4657,188,21-04-2024
4658,317,11-02-2023
4659,188,11-01-2024
4660,90,25-10-2024
4661,287,22-12-2024
4662,35,28-07-2024
4663,364,03-03-2025
4664,105,22-05-2023
4665,172,02-09-2023
4666,277,27-04-2023
4667,333,04-05-2024
4668,378,09-02-2025
4669,298,11-06-2025
4670,492,20-12-2024
4671,108,10-02-2025
4672,382,18-02-2025
4673,116,25-11-2023
4674,181,01-10-2023
4675,258,27-11-2024
4676,217,11-10-2023
4677,28,06-03-2023
4678,191,20-12-2023
4679,232,12-05-2024
4680,257,23-06-2024
4681,425,06-05-2023
4682,241,27-12-2024
4683,273,25-11-2024
4684,423,29-06-2024
4685,461,27-10-2023
4686,232,27-09-2024
4687,189,30-03-2025
4688,345,10-12-2024
4689,415,09-03-2023
4690,97,13-04-2024
4691,45,24-03-2023
4692,201,03-07-2023
4693,148,20-03-2023
4694,56,18-06-2023
4695,142,25-04-2023
4696,357,01-06-2023
4697,255,04-06-2023
4698,448,29-07-2023
4699,267,04-10-2024
4700,12,28-10-2023
4701,214,29-11-2024
4702,278,16-05-2023
4703,243,22-12-2023
4704,216,30-03-2024
4705,378,22-10-2024
4706,11,26-10-2023
4707,97,06-03-2023
4708,12,11-06-2025
4709,411,26-08-2023
4710,428,16-06-2024
4711,331,10-12-2023
4712,211,15-08-2024
4713,176,02-11-2024
4714,331,16-03-2025
4715,168,12-05-2024
4716,304,12-11-2024
4717,357,26-06-2024
4718,432,15-07-2024
4719,228,13-04-2024
4720,156,03-08-2024
4721,68,19-03-2025
4722,157,25-06-2023
4723,405,24-09-2023
4724,117,10-05-2024
4725,191,23-10-2023
4726,395,15-05-2025
4727,25,01-06-2023
4728,181,19-10-2023
4729,234,20-06-2023
4730,317,14-06-2023
4731,365,02-07-2024
4732,147,06-07-2023
4733,499,29-06-2023
4734,430,26-12-2024
4735,355,13-11-2024
4736,407,07-06-2023
4737,83,01-09-2023
4738,60,12-02-2023
4739,163,11-08-2024
4740,65,27-03-2024
4741,134,14-01-2024
4742,95,30-07-2023
4743,288,25-12-2024
4744,18,12-11-2024
4745,163,19-12-2023
4746,76,17-01-2024
4747,230,06-07-2024
4748,500,16-06-2023
4749,274,05-11-2023
4750,63,26-01-2023
4751,208,26-05-2024
4752,394,29-05-2023
4753,486,14-04-2024
4754,476,24-11-2023
4755,80,05-01-2023
4756,497,26-01-2025
4757,280,03-06-2024
4758,170,24-10-2024
4759,362,30-10-2023
4760,243,24-10-2023
4761,497,11-02-2025
4762,294,13-11-2024
4763,76,29-03-2025
4764,290,16-01-2025
4765,465,28-03-2024
4766,174,06-12-2024
4767,58,19-01-2025
4768,246,11-02-2023
4769,72,25-11-2024
4770,283,30-04-2023
4771,158,26-01-2023
4772,206,24-09-2024
4773,431,14-08-2023
4774,229,01-01-2024
4775,48,01-12-2023
4776,29,14-09-2024
4777,329,19-07-2023
4778,299,23-06-2024
4779,114,11-03-2025
4780,480,24-02-2025
4781,143,20-07-2023
4782,12,27-03-2023
4783,276,19-05-2025
4784,229,24-11-2024
4785,344,31-03-2023
4786,500,08-06-2024
4787,202,19-07-2023
4788,252,22-11-2023
4789,309,11-09-2024
4790,262,27-02-2023
4791,466,13-11-2024
4792,185,12-02-2024
4793,76,03-01-2025
4794,438,13-03-2024
4795,190,31-01-2024
4796,191,13-01-2023
4797,146,20-12-2023
4798,180,12-11-2023
4799,229,14-06-2025
4800,288,31-03-2023
4801,111,15-01-2025
4802,455,30-03-2024
4803,380,01-03-2024
4804,412,29-03-2024
4805,148,17-06-2023
4806,413,15-01-2025
4807,497,10-03-2024
4808,374,29-02-2024
4809,72,05-05-2025
4810,301,04-09-2024
4811,45,28-05-2023
4812,107,07-11-2023
4813,244,07-06-2025
4814,269,10-12-2023
4815,34,27-08-2024
4816,388,20-01-2024
4817,46,07-01-2023
4818,210,16-10-2024
4819,469,07-10-2023
4820,213,29-06-2023
4821,285,18-04-2024
4822,364,04-08-2024
4823,387,21-05-2023
4824,103,10-07-2023
4825,427,26-01-2024
4826,149,21-07-2024
4827,252,13-02-2023
4828,422,26-04-2025
4829,155,04-05-2025
4830,300,08-11-2023
4831,253,26-07-2024
4832,379,19-04-2024
4833,115,28-01-2023
4834,406,03-01-2023
4835,79,26-09-2023
4836,154,17-10-2024
4837,428,13-10-2024
4838,242,08-05-2023
4839,335,12-11-2024
4840,458,22-10-2023
4841,214,03-07-2023
4842,252,05-12-2024
4843,331,08-09-2023
4844,15,03-05-2023
4845,392,11-10-2023
4846,253,10-03-2023
4847,307,02-02-2025
4848,186,18-08-2024
4849,247,02-08-2024
4850,224,08-06-2025
4851,133,05-10-2024
4852,352,02-05-2024
4853,499,11-12-2024
4854,419,03-05-2023
4855,192,08-06-2024
4856,376,12-08-2024
4857,9,15-05-2025
4858,133,16-06-2023
4859,298,01-03-2023
4860,75,24-11-2023
4861,237,18-06-2025
4862,355,19-05-2023
4863,183,17-06-2023
4864,28,07-10-2023
4865,185,05-03-2024
4866,326,31-12-2023
4867,25,24-10-2023
4868,150,26-06-2024
4869,328,20-03-2023
4870,264,18-07-2023
4871,393,05-10-2024
4872,94,22-02-2025
4873,49,05-09-2024
4874,386,21-06-2023
4875,279,27-11-2023
4876,447,20-11-2023
4877,424,15-05-2025
4878,351,30-03-2025
4879,155,05-10-2023
4880,351,15-12-2024
4881,353,07-01-2024
4882,50,01-07-2024
4883,297,27-12-2023
4884,422,28-05-2023
4885,7,21-05-2023
4886,266,16-10-2023
4887,191,08-03-2025
4888,249,26-02-2024
4889,175,16-06-2023
4890,53,12-08-2023
4891,80,30-05-2024
4892,114,01-05-2025
4893,97,25-03-2025
4894,460,26-07-2024
4895,315,07-12-2024
4896,426,22-06-2024
4897,434,28-06-2024
4898,365,18-07-2024
4899,360,13-02-2025
4900,411,27-04-2023
4901,214,16-04-2024
4902,470,20-03-2023
4903,60,18-04-2025
4904,68,18-01-2023
4905,246,23-12-2023
4906,160,08-12-2024
4907,186,23-05-2023
4908,419,28-03-2024
4909,456,03-09-2024
4910,268,20-02-2025
4911,497,17-12-2023
4912,89,27-12-2024
4913,156,30-01-2023
4914,382,14-04-2025
4915,61,16-08-2023
4916,66,27-05-2025
4917,356,26-05-2023
4918,353,21-08-2023
4919,158,09-05-2023
4920,108,14-05-2023
4921,41,11-03-2024
4922,354,20-02-2025
4923,402,25-04-2023
4924,40,20-01-2023
4925,397,10-05-2024
4926,388,17-03-2024
4927,22,21-07-2023
4928,56,03-02-2023
4929,407,06-11-2024
4930,263,30-08-2024
4931,31,25-04-2024
4932,61,17-09-2023
4933,23,09-03-2023
4934,155,14-11-2024
4935,6,11-02-2025
4936,50,12-03-2025
4937,64,08-09-2024
4938,106,24-08-2024
4939,462,24-07-2023
4940,95,17-11-2024
4941,180,30-01-2023
4942,47,30-05-2023
4943,434,03-02-2025
4944,483,12-10-2023
4945,486,16-08-2024
4946,179,27-12-2023
4947,83,25-05-2025
4948,257,10-03-2025
4949,374,19-09-2024
4950,124,01-06-2024
4951,292,11-03-2023
4952,51,19-04-2025
4953,297,20-02-2025
4954,8,25-06-2024
4955,112,02-01-2025
4956,99,16-10-2023
4957,88,11-02-2025
4958,276,05-01-2023
4959,499,12-01-2025
4960,51,08-08-2023
4961,472,31-05-2024
4962,436,25-12-2024
4963,244,11-01-2024
4964,358,26-08-2024
4965,95,26-03-2024
4966,345,20-04-2023
4967,93,04-05-2025
4968,182,24-01-2024
4969,218,08-08-2023
4970,264,22-08-2023
4971,209,26-04-2023
4972,390,18-11-2023
4973,64,22-04-2024
4974,57,16-06-2024
4975,70,22-05-2024
4976,391,05-01-2024
4977,361,23-10-2023
4978,286,09-01-2025
4979,21,26-03-2023
4980,168,20-05-2024
4981,60,30-01-2024
4982,146,12-04-2024
4983,308,23-01-2025
4984,160,04-12-2024
4985,500,11-05-2025
4986,228,20-08-2023
4987,284,22-02-2024
4988,149,25-05-2025
4989,220,13-07-2023
4990,439,13-03-2023
4991,459,11-05-2025
4992,411,02-05-2024
4993,481,26-11-2024
4994,189,03-07-2023
4995,7,21-11-2024
4996,252,19-11-2024
4997,54,10-02-2024
4998,225,19-06-2024
4999,338,23-11-2024
5000,44,03-05-2023
